dyad_season_year,dyad_ID,PackID,Species1,Species2,GW,EW,RW,Mixed,SA,season1,season2,den,rend,winter,Cohesion,BreedPair,FF,MM,FM,Same,Exploit,LargePred,Prey,Beaver,Human,PCV,Long,Lat
BQE1411_BQE1415_winter_2014_2015,BQE1411_BQE1415,Pauper,Admixed,wolf,0,0,0,1,Ontario_Algonquin_Kawartha,winter,winter,0,0,1,0.706408346,0,0,1,0,1,0,1,0,1,0.049316833,1.5975186,-78.93186403,44.99754314
BQE1411_BQE1415_rend_2014,BQE1411_BQE1415,Pauper,Admixed,wolf,0,0,0,1,Ontario_Algonquin_Kawartha,rend,nw,0,1,0,0.283464567,0,0,1,0,1,0,1,0,1,0.043179368,1.608354463,-78.92043778,45.00738847
BQE1411_BQE1521_winter_2014_2015,BQE1411_BQE1521,Pauper,Admixed,wolf,0,0,0,1,Ontario_Algonquin_Kawartha,winter,winter,0,0,1,0.732368897,1,0,0,1,0,0,1,0,1,0.048247772,1.679320749,-78.94324349,44.99495889
BW1623_BW1708_winter_2016_2017,BW1623_BW1708,White Partridge,Admixed,wolf,0,0,0,1,Ontario_Algonquin_Kawartha,winter,winter,0,0,1,0.733624454,1,0,0,1,0,0,1,1,1,0.007287955,1.959011773,-78.09351892,45.84682911
BQE1411_BQE1521_rend_2015,BQE1411_BQE1521,Pauper,Admixed,wolf,0,0,0,1,Ontario_Algonquin_Kawartha,rend,nw,0,1,0,0.270833333,1,0,0,1,0,0,1,0,1,0.05586123,1.684232648,-78.9582589,44.99800795
BQE1411_BQE1521_den_2015,BQE1411_BQE1521,Pauper,Admixed,wolf,0,0,0,1,Ontario_Algonquin_Kawartha,den,nw,1,0,0,0.288834951,1,0,0,1,0,0,1,0,1,0.051236372,1.70580602,-78.95299127,44.99437817
BW1623_BW1708_rend_2017,BW1623_BW1708,White Partridge,Admixed,wolf,0,0,0,1,Ontario_Algonquin_Kawartha,rend,nw,0,1,0,0.323129252,1,0,0,1,0,0,1,1,1,0.007278458,1.726708735,-78.0631593,45.83920287
BW1623_BW1708_den_2017,BW1623_BW1708,White Partridge,Admixed,wolf,0,0,0,1,Ontario_Algonquin_Kawartha,den,nw,1,0,0,0.471014493,1,0,0,1,0,0,1,1,1,0.008081462,1.858776258,-78.08593151,45.82786844
JSW237_JSW241_den_2009,JSW237_JSW241,Step Mountain,GW,wolf,1,0,0,0,Alaska_Yukon_Charley,den,nw,1,0,0,0.272727273,0,0,0,1,0,1,1,1,1,1.60E-05,1.977734218,-141.7598531,65.02339269
JSW237_JSW241_den_2010,JSW237_JSW241,Step Mountain,GW,wolf,1,0,0,0,Alaska_Yukon_Charley,den,nw,1,0,0,0.5,0,0,0,1,0,1,1,1,1,2.86E-05,2.250665478,-141.8947391,65.01092868
JSW237_JSW241_den_2011,JSW237_JSW241,Step Mountain,GW,wolf,1,0,0,0,Alaska_Yukon_Charley,den,nw,1,0,0,0.638888889,0,0,0,1,0,1,1,1,1,1.24E-05,2.111366933,-141.9237521,65.04585293
JSW237_JSW241_rend_2009,JSW237_JSW241,Step Mountain,GW,wolf,1,0,0,0,Alaska_Yukon_Charley,rend,nw,0,1,0,0.397260274,0,0,0,1,0,1,1,1,1,1.26E-05,2.256737403,-141.8435739,65.04419427
JSW237_JSW241_rend_2010,JSW237_JSW241,Step Mountain,GW,wolf,1,0,0,0,Alaska_Yukon_Charley,rend,nw,0,1,0,0.536842105,0,0,0,1,0,1,1,1,1,2.36E-05,1.90634006,-141.9291454,64.98945604
JSW237_JSW241_rend_2011,JSW237_JSW241,Step Mountain,GW,wolf,1,0,0,0,Alaska_Yukon_Charley,rend,nw,0,1,0,0.591836735,0,0,0,1,0,1,1,1,1,3.17E-05,1.995856717,-141.9331412,65.00663928
JSW237_JSW241_winter_2008_2009,JSW237_JSW241,Step Mountain,GW,wolf,1,0,0,0,Alaska_Yukon_Charley,winter,winter,0,0,1,0.353846154,0,0,0,1,0,1,1,1,1,1.44E-05,1.894501042,-141.8348319,65.05983121
JSW237_JSW241_winter_2009_2010,JSW237_JSW241,Step Mountain,GW,wolf,1,0,0,0,Alaska_Yukon_Charley,winter,winter,0,0,1,0.315789474,0,0,0,1,0,1,1,1,1,1.35E-05,2.35137992,-141.8477978,65.05383144
JSW237_JSW241_winter_2010_2011,JSW237_JSW241,Step Mountain,GW,wolf,1,0,0,0,Alaska_Yukon_Charley,winter,winter,0,0,1,0.92972973,0,0,0,1,0,1,1,1,1,1.23E-05,1.933458959,-141.8207341,65.07617626
JSW237_JSW241_winter_2011_2012,JSW237_JSW241,Step Mountain,GW,wolf,1,0,0,0,Alaska_Yukon_Charley,winter,winter,0,0,1,0.877192982,0,0,0,1,0,1,1,1,1,1.16E-05,1.979828907,-141.7443744,65.07021875
BW811_BW1103_winter_2011_2012,BW811_BW1103,Grant Creek,GW,wolf,1,0,0,0,Alaska_Denali,winter,winter,0,0,1,0.816872428,0,0,0,1,0,0,1,1,1,0.001996633,1.675174066,-149.7193271,63.57993508
BW811_BW1103_winter_2010_2011,BW811_BW1103,Grant Creek,GW,wolf,1,0,0,0,Alaska_Denali,winter,winter,0,0,1,0.688432836,0,0,0,1,0,0,1,1,1,0.001454692,1.744572846,-149.6507872,63.61048343
BW1705_BW1706_winter_2017_2018,BW1705_BW1706,Comb,GW,wolf,1,0,0,0,Alaska_Denali,winter,winter,0,0,1,0.87804878,0,0,0,1,0,0,1,1,1,0.001252397,1.751803445,-149.5842929,64.01148936
BW1702_BW1706_winter_2017_2018,BW1702_BW1706,Comb,GW,wolf,1,0,0,0,Alaska_Denali,winter,winter,0,0,1,0.881578947,0,0,0,1,0,0,1,1,1,0.001445662,1.782477098,-149.551453,64.01102744
BW1501_BW1602_winter_2015_2016,BW1501_BW1602,Grant Creek,GW,wolf,1,0,0,0,Alaska_Denali,winter,winter,0,0,1,0.833333333,0,0,0,1,0,0,1,1,1,0.00189729,1.801379879,-149.7001765,63.53010729
BW1202_BW1601_winter_2015_2016,BW1202_BW1601,Riley Creek,GW,wolf,1,0,0,0,Alaska_Denali,winter,winter,0,0,1,0.761904762,0,0,0,1,0,0,1,1,1,0.006256655,1.920794616,-149.3063935,63.70022992
BW1501_BW1602_winter_2016_2017,BW1501_BW1602,Grant Creek,GW,wolf,1,0,0,0,Alaska_Denali,winter,winter,0,0,1,0.842880524,0,0,0,1,0,0,1,1,1,0.003752064,1.92663479,-149.2670738,63.47692102
BW1504_BW1603_winter_2015_2016,BW1504_BW1603,Myrtle,GW,wolf,1,0,0,0,Alaska_Denali,winter,winter,0,0,1,0.838235294,0,0,0,1,0,0,1,1,1,0.000560408,1.928411338,-150.720095,63.55992792
Mich03_Mich10_winter_2017_2018,Mich03_Mich10,Mich,GW,wolf,1,0,0,0,Ontario_Michipicoten,winter,winter,0,0,1,0.909090909,0,0,0,1,0,0,0,0,1,0.008077744,1.861984387,-85.79328436,47.73380785
Mich02_Mich08_winter_2017_2018,Mich02_Mich08,Mich,GW,wolf,1,0,0,0,Ontario_Michipicoten,winter,winter,0,0,1,0.553105363,0,0,0,1,0,0,0,0,1,0.007800338,1.925042174,-85.77588339,47.73968309
Mich02_Mich07_winter_2017_2018,Mich02_Mich07,Mich,GW,wolf,1,0,0,0,Ontario_Michipicoten,winter,winter,0,0,1,0.583333333,0,0,0,1,0,0,0,0,1,0.009988575,1.936468921,-85.80614933,47.73401186
Mich05_Mich11_winter_2017_2018,Mich05_Mich11,Mich,GW,wolf,1,0,0,0,Ontario_Michipicoten,winter,winter,0,0,1,0.259259259,0,0,0,1,0,0,0,0,1,0.009887159,1.938338435,-85.81759897,47.73288769
Mich03_Mich12_winter_2017_2018,Mich03_Mich12,Mich,GW,wolf,1,0,0,0,Ontario_Michipicoten,winter,winter,0,0,1,0.328467153,0,0,0,1,0,0,0,0,1,0.008038139,1.939703737,-85.77894272,47.73577012
Mich03_Mich11_winter_2017_2018,Mich03_Mich11,Mich,GW,wolf,1,0,0,0,Ontario_Michipicoten,winter,winter,0,0,1,0.378787879,0,0,0,1,0,0,0,0,1,0.008018632,1.944777101,-85.78769329,47.73652561
Mich03_Mich04_winter_2015_2016,Mich03_Mich04,Mich,GW,wolf,1,0,0,0,Ontario_Michipicoten,winter,winter,0,0,1,0.569866557,0,0,0,1,0,0,0,0,1,0.008033214,1.958568364,-85.77781299,47.73318969
Mich01_Mich03_winter_2015_2016,Mich01_Mich03,Mich,GW,wolf,1,0,0,0,Ontario_Michipicoten,winter,winter,0,0,1,0.859437513,0,0,0,1,0,0,0,0,1,0.007317807,1.962069139,-85.78413225,47.73690867
Mich01_Mich03_winter_2014_2015,Mich01_Mich03,Mich,GW,wolf,1,0,0,0,Ontario_Michipicoten,winter,winter,0,0,1,0.828571429,0,0,0,1,0,0,0,0,1,0.001871819,2.006310103,-85.79285626,47.74616664
Mich02_Mich05_winter_2016_2017,Mich02_Mich05,Mich,GW,wolf,1,0,0,0,Ontario_Michipicoten,winter,winter,0,0,1,0.246753247,0,0,0,1,0,0,0,0,1,0.005398971,2.045085641,-85.78834188,47.74264536
Mich01_Mich03_winter_2016_2017,Mich01_Mich03,Mich,GW,wolf,1,0,0,0,Ontario_Michipicoten,winter,winter,0,0,1,0.869738085,0,0,0,1,0,0,0,0,1,0.007494403,2.115811095,-85.79227759,47.74193781
Mich03_Mich11_winter_2018_2019,Mich03_Mich11,Mich,GW,wolf,1,0,0,0,Ontario_Michipicoten,winter,winter,0,0,1,0.175182482,0,0,0,1,0,0,0,1,1,0.008092749,2.722765515,-85.78371895,47.73293412
M1410_M1407_winter_2014_2015,M1410_M1407,Julussa,GW,wolf,1,0,0,0,Norway_Sweden,winter,winter,0,0,1,0.472440945,0,0,0,1,0,0,0,1,1,0.103546734,1.488876656,11.3085014,61.37294074
M1409_M1408_winter_2013_2014,M1409_M1408,Julussa,GW,wolf,1,0,0,0,Norway_Sweden,winter,winter,0,0,1,0.435294118,0,0,0,1,0,0,0,1,1,0.095656091,1.501035095,11.27161058,61.3949306
M1410_M1407_winter_2013_2014,M1410_M1407,Julussa,GW,wolf,1,0,0,0,Norway_Sweden,winter,winter,0,0,1,0.269437729,0,0,0,1,0,0,0,1,1,0.106298473,1.5297486,11.30734104,61.37121199
M1110_M1108_winter_2011_2012,M1110_M1108,Rotna,GW,wolf,1,0,0,0,Norway_Sweden,winter,winter,0,0,1,0.361111111,0,0,0,1,0,0,0,1,1,0.118580396,1.59566664,12.47067606,60.51608629
M0109_M0302_winter_2002_2003,M0109_M0302,Grafjell,GW,wolf,1,0,0,0,Norway_Sweden,winter,winter,0,0,1,0.339853301,0,0,0,1,0,0,0,1,1,0.102546284,1.909359918,11.37157369,61.3675712
M1109_M1111_winter_2010_2011,M1109_M1111,Rotna,GW,wolf,1,0,0,0,Norway_Sweden,winter,winter,0,0,1,0.25,0,0,0,1,0,0,0,1,1,0.120960704,1.946714785,12.46737243,60.51560609
rw11421M_rw11660F_winter_2008_2009,rw11421M_rw11660F,Milltail,RW,wolf,0,0,1,0,NorthCarolina_AlligatorNWR,winter,winter,0,0,1,0.108695652,0,0,0,1,0,1,1,0,1,0.284591088,2.212723617,-75.85973491,35.84543471
rw11357F_rw11661M_winter_2008_2009,rw11357F_rw11661M,Milltail,RW,wolf,0,0,1,0,NorthCarolina_AlligatorNWR,winter,winter,0,0,1,0.091900171,0,0,0,1,0,1,1,0,1,0.234829664,2.268814211,-75.85065847,35.84234746
BAP1405_BAP1406_winter_2014_2015,BAP1405_BAP1406,Brule,EW,wolf,0,1,0,0,Ontario_Algonquin_Kawartha,winter,winter,0,0,1,0.485006519,0,0,0,1,0,0,1,1,1,0.008813181,1.659359121,-78.8618847,45.63840417
BW1619_BW1709_winter_2017_2018,BW1619_BW1709,Cameron,GW,wolf,1,0,0,0,Ontario_Algonquin_Kawartha,winter,winter,0,0,1,0.706521739,0,0,0,1,0,0,1,1,1,0.012295685,1.666949901,-78.23108438,45.62088308
BW1709_BW1807_winter_2017_2018,BW1709_BW1807,Cameron,GW,wolf,1,0,0,0,Ontario_Algonquin_Kawartha,winter,winter,0,0,1,0.280732498,0,0,0,1,0,0,1,1,1,0.011323534,1.744439399,-78.2386994,45.63719714
BW1637_BW1640_winter_2016_2017,BW1637_BW1640,Loontail,EW,wolf,0,1,0,0,Ontario_Algonquin_Kawartha,winter,winter,0,0,1,0.297752809,0,0,0,1,0,0,1,1,1,0.006071339,1.881988117,-78.8810444,45.81896569
wAF270_wAM310_winter_2012_2013,wAF270_wAM310,Honker,GW,wolf,1,0,0,0,Alaska_PrinceOfWalesIsland,winter,winter,0,0,1,0.285596163,0,0,0,1,0,1,1,0,1,0.002192655,1.205466139,-132.9368806,55.83978626
w201401_w201501_winter_2015_2016,w201401_w201501,Sandy Beach,GW,wolf,1,0,0,0,Alaska_PrinceOfWalesIsland,winter,winter,0,0,1,0.98467433,0,0,0,1,0,1,1,0,1,0.017807847,1.403214808,-132.5142572,55.74718309
V027_V028_winter_2014_2015,V027_V028,Moose River,GW,wolf,1,0,0,0,Minnesota_Voyageurs,winter,winter,0,0,1,0.771879484,0,0,0,1,0,0,1,0,1,0.012483111,2.373266811,-92.69978076,48.40228739
hmw1_hmw2_winter_2009_2010,hmw1_hmw2,Hodzana_Mouth,GW,wolf,1,0,0,0,Alaska_YukonFlatsNWR,winter,winter,0,0,1,0.845522078,0,0,0,1,0,0,1,1,1,4.63E-05,2.219577166,-148.0199349,66.63008003
W214_W224_winter_2008_2009,W214_W224,Potter,EW,wolf,0,1,0,0,Ontario_Algonquin_Kawartha,winter,winter,0,0,1,0.523662002,0,0,0,1,0,0,1,1,1,0.008764363,1.539460317,-78.80717716,45.59699684
W1296_W1439_winter_2015_2016,W1296_W1439,Mangas,GW,wolf,1,0,0,0,Arizona_NewMexico,winter,winter,0,0,1,0.906779661,0,0,0,1,0,0,1,1,0,0.035781971,1.950744917,-108.8775783,33.95777558
W1249_W1437_winter_2015_2016,W1249_W1437,Diamond,GW,wolf,1,0,0,0,Arizona_NewMexico,winter,winter,0,0,1,0.97674043,0,0,0,1,0,0,1,1,0,0.059779806,2.211593956,-109.6107619,34.12007304
W1333_W1789_winter_2018_2019,W1333_W1789,Hoodoo,GW,wolf,1,0,0,0,Arizona_NewMexico,winter,winter,0,0,1,0.56,0,0,0,1,0,0,1,1,0,0.049896765,2.27810331,-109.2866471,33.91715142
W1557_W1571_winter_2016_2017,W1557_W1571,Diamond,GW,wolf,1,0,0,0,Arizona_NewMexico,winter,winter,0,0,1,0.633333333,0,0,0,1,0,0,1,1,0,0.038358875,2.346901901,-109.5316955,34.14726066
W1394_W1825_winter_2018_2019,W1394_W1825,Pine Spring,GW,wolf,1,0,0,0,Arizona_NewMexico,winter,winter,0,0,1,0.626086957,0,0,0,1,0,0,1,1,0,0.035439692,2.375869447,-109.611508,34.17741204
W1441_W1792_winter_2018_2019,W1441_W1792,Saffel,GW,wolf,1,0,0,0,Arizona_NewMexico,winter,winter,0,0,1,0.551401869,0,0,0,1,0,0,1,1,0,0.04387002,2.410235222,-109.3953803,34.0048911
W1346_W1561_winter_2017_2018,W1346_W1561,Leopold,GW,wolf,1,0,0,0,Arizona_NewMexico,winter,winter,0,0,1,0.820372011,0,0,0,1,0,0,1,1,0,0.00654856,2.416609865,-108.5594707,33.35103126
W1346_W1561_winter_2016_2017,W1346_W1561,Leopold,GW,wolf,1,0,0,0,Arizona_NewMexico,winter,winter,0,0,1,0.931818182,0,0,0,1,0,0,1,1,0,0.003051102,2.417176137,-108.5135219,33.36180903
W1158_W1684_winter_2017_2018,W1158_W1684,Luna,GW,wolf,1,0,0,0,Arizona_NewMexico,winter,winter,0,0,1,0.510869565,0,0,0,1,0,0,1,1,0,0.035606225,2.466682942,-108.3728332,33.66247457
W1278_W1555_winter_2017_2018,W1278_W1555,Iron Creek,GW,wolf,1,0,0,0,Arizona_NewMexico,winter,winter,0,0,1,0.518518519,0,0,0,1,0,0,1,1,0,0.035546781,2.507425475,-108.573701,33.43814658
W1278_W1821_winter_2018_2019,W1278_W1821,Iron Creek,GW,wolf,1,0,0,0,Arizona_NewMexico,winter,winter,0,0,1,0.6,0,0,0,1,0,0,1,1,0,0.023409027,2.526439788,-108.5568963,33.41421813
W1278_W1710_winter_2018_2019,W1278_W1710,Iron Creek,GW,wolf,1,0,0,0,Arizona_NewMexico,winter,winter,0,0,1,0.442857143,0,0,0,1,0,0,1,1,0,0.034858521,2.535549415,-108.5849083,33.4380496
W1296_W1664_winter_2017_2018,W1296_W1664,Mangas,GW,wolf,1,0,0,0,Arizona_NewMexico,winter,winter,0,0,1,0.216666667,0,0,0,1,0,0,1,1,0,0.033311661,2.548084129,-108.8623745,33.99185578
W1278_W1556_winter_2017_2018,W1278_W1556,Iron Creek,GW,wolf,1,0,0,0,Arizona_NewMexico,winter,winter,0,0,1,0.495867769,0,0,0,1,0,0,1,1,0,0.038895799,2.560427657,-108.5999779,33.45991632
W1251_W1669_winter_2017_2018,W1251_W1669,Prieto,GW,wolf,1,0,0,0,Arizona_NewMexico,winter,winter,0,0,1,0.624898187,0,0,0,1,0,0,1,1,0,0.036708863,2.585547587,-108.632626,33.58565421
W1251_W1678_winter_2017_2018,W1251_W1678,Prieto,GW,wolf,1,0,0,0,Arizona_NewMexico,winter,winter,0,0,1,0.709209836,0,0,0,1,0,0,1,1,0,0.035369211,2.586310011,-108.6313897,33.58903104
W1278_W1555_winter_2018_2019,W1278_W1555,Iron Creek,GW,wolf,1,0,0,0,Arizona_NewMexico,winter,winter,0,0,1,0.6,0,0,0,1,0,0,1,1,0,0.037576044,2.601109561,-108.5958403,33.4431392
W1567_W1680_winter_2017_2018,W1567_W1680,Saffel,GW,wolf,1,0,0,0,Arizona_NewMexico,winter,winter,0,0,1,0.6,0,0,0,1,0,0,1,1,0,0.04339872,2.634315907,-109.4035394,34.01681416
W1251_W1669_winter_2018_2019,W1251_W1669,Prieto,GW,wolf,1,0,0,0,Arizona_NewMexico,winter,winter,0,0,1,0.537168225,0,0,0,1,0,0,1,1,0,0.036253716,2.644434504,-108.6104622,33.57530189
JSW1701_JSW1308_winter_2017_2018,JSW1701_JSW1308,Sorenson,GW,wolf,1,0,0,0,Alaska_Yukon_Charley,winter,winter,0,0,1,0.511848341,0,0,0,1,0,1,1,0,1,4.57E-05,1.677743235,-142.3182335,64.89790985
JSW1704_JSW1308_winter_2017_2018,JSW1704_JSW1308,Sorenson,GW,wolf,1,0,0,0,Alaska_Yukon_Charley,winter,winter,0,0,1,0.323651452,0,0,0,1,0,1,1,0,1,3.86E-05,1.694659203,-142.4123203,64.91679486
JSW1701_JSW1308_winter_2016_2017,JSW1701_JSW1308,Sorenson,GW,wolf,1,0,0,0,Alaska_Yukon_Charley,winter,winter,0,0,1,0.491525424,0,0,0,1,0,1,1,0,1,1.51E-05,1.738861142,-142.5771933,64.97479002
JSW1802_JSW1806_winter_2017_2018,JSW1802_JSW1806,Essie Creek,GW,wolf,1,0,0,0,Alaska_Yukon_Charley,winter,winter,0,0,1,0.495495495,0,0,0,1,0,1,1,0,1,2.20E-06,1.739471788,-143.4109633,64.87379579
JSW1704_JSW1308_winter_2016_2017,JSW1704_JSW1308,Sorenson,GW,wolf,1,0,0,0,Alaska_Yukon_Charley,winter,winter,0,0,1,0.641509434,0,0,0,1,0,1,1,0,1,1.92E-05,1.764060437,-142.5612503,64.99270037
M0904_M0909_winter_2008_2009,M0904_M0909,Fulufjellet,GW,wolf,1,0,0,0,Norway_Sweden,winter,winter,0,0,1,0.266666667,0,0,0,1,0,0,1,1,1,0.097571219,1.539331026,13.08311429,61.46108378
M0904_M0908_winter_2008_2009,M0904_M0908,Fulufjellet,GW,wolf,1,0,0,0,Norway_Sweden,winter,winter,0,0,1,0.323234448,0,0,0,1,0,0,1,1,1,0.080444844,1.560180189,13.11004033,61.42706141
M0904_M0907_winter_2008_2009,M0904_M0907,Fulufjellet,GW,wolf,1,0,0,0,Norway_Sweden,winter,winter,0,0,1,0.616832133,0,0,0,1,0,0,1,1,1,0.080196969,1.561729881,13.10471337,61.41663491
M0903_M0902_winter_2008_2009,M0903_M0902,Galven,GW,wolf,1,0,0,0,Norway_Sweden,winter,winter,0,0,1,0.188392678,0,0,0,1,0,0,1,1,1,0.132190214,1.694840323,15.88998969,61.50664583
LBw3_LBw4_winter_2010_2011,LBw3_LBw4,LBL_pack2,GW,wolf,1,0,0,0,Spain_E_Oviedo,winter,winter,0,0,1,0.318475452,0,0,0,1,0,NA,0,1,0,0.127787791,1.771892784,-4.965823362,43.27256346
W448f_W449m_winter_2017_2018,W448f_W449m,Eureka,GW,wolf,1,0,0,0,Ellesmere,winter,winter,0,0,1,0.760635281,0,0,0,1,0,0,1,1,0,0.000165173,2.773571697,-85.33735343,79.77764516
Mich01_Mich03_rend_2015,Mich01_Mich03,Mich,GW,wolf,1,0,0,0,Ontario_Michipicoten,rend,nw,0,1,0,0.622222222,0,0,0,1,0,0,0,0,1,0.000744519,1.961455346,-85.80592982,47.74773009
Mich03_Mich04_den_2016,Mich03_Mich04,Mich,GW,wolf,1,0,0,0,Ontario_Michipicoten,den,nw,1,0,0,0.265644216,0,0,0,1,0,0,0,0,1,0.000812417,2.009156271,-85.78978021,47.74613593
Mich01_Mich03_den_2016,Mich01_Mich03,Mich,GW,wolf,1,0,0,0,Ontario_Michipicoten,den,nw,1,0,0,0.599156118,0,0,0,1,0,0,0,0,1,0.000465078,2.017814923,-85.79312023,47.74959777
Mich01_Mich03_rend_2016,Mich01_Mich03,Mich,GW,wolf,1,0,0,0,Ontario_Michipicoten,rend,nw,0,1,0,0.621635802,0,0,0,1,0,0,0,0,1,0.003840968,2.122674516,-85.80362344,47.74230899
Mich03_Mich04_rend_2016,Mich03_Mich04,Mich,GW,wolf,1,0,0,0,Ontario_Michipicoten,rend,nw,0,1,0,0.344017094,0,0,0,1,0,0,0,0,1,0.003021139,2.180149381,-85.79462432,47.73938107
M1410_M1407_rend_2014,M1410_M1407,Julussa,GW,wolf,1,0,0,0,Norway_Sweden,rend,nw,0,1,0,0.346559483,0,0,0,1,0,0,0,1,1,0.091147556,1.49967961,11.2873815,61.38177139
M1410_M1407_den_2014,M1410_M1407,Julussa,GW,wolf,1,0,0,0,Norway_Sweden,den,nw,1,0,0,0.204081633,0,0,0,1,0,0,0,1,1,0.087579628,1.531883931,11.32494902,61.36901889
M1110_M1108_rend_2011,M1110_M1108,Rotna,GW,wolf,1,0,0,0,Norway_Sweden,rend,nw,0,1,0,0.326160077,0,0,0,1,0,0,0,1,1,0.124364033,1.632616645,12.45617728,60.52473153
M1110_M1108_den_2011,M1110_M1108,Rotna,GW,wolf,1,0,0,0,Norway_Sweden,den,nw,1,0,0,0.264069264,0,0,0,1,0,0,0,1,1,0.111108494,1.814103619,12.50800394,60.53934964
M1109_M1111_den_2011,M1109_M1111,Rotna,GW,wolf,1,0,0,0,Norway_Sweden,den,nw,1,0,0,0.289473684,0,0,0,1,0,0,0,1,1,0.112905163,1.820435538,12.50054988,60.51760611
rw11421M_rw11660F_den_2009,rw11421M_rw11660F,Milltail,RW,wolf,0,0,1,0,NorthCarolina_AlligatorNWR,den,nw,1,0,0,0.222222222,0,0,0,1,0,1,1,0,1,0.24671983,2.210425643,-75.87561779,35.85180085
BW1619_BW1709_rend_2017,BW1619_BW1709,Cameron,GW,wolf,1,0,0,0,Ontario_Algonquin_Kawartha,rend,nw,0,1,0,0.202247191,0,0,0,1,0,0,1,1,1,0.016602964,1.665393395,-78.2294379,45.61188617
BW1709_BW1807_den_2018,BW1709_BW1807,Cameron,GW,wolf,1,0,0,0,Ontario_Algonquin_Kawartha,den,nw,1,0,0,0.374859708,0,0,0,1,0,0,1,1,1,0.015094061,1.719696738,-78.23090668,45.61876082
BQE1404_BQE1529_rend_2015,BQE1404_BQE1529,Bob Caygeon,EW,wolf,0,1,0,0,Ontario_Algonquin_Kawartha,rend,nw,0,1,0,0.347094801,0,0,0,1,0,1,1,0,1,0.041229598,1.795903857,-78.87291562,44.95544436
BW1709_BW1807_rend_2018,BW1709_BW1807,Cameron,GW,wolf,1,0,0,0,Ontario_Algonquin_Kawartha,rend,nw,0,1,0,0.134897361,0,0,0,1,0,0,1,1,1,0.014526418,1.881961048,-78.22823048,45.62737436
wAF270_wAM310_rend_2012,wAF270_wAM310,Honker,GW,wolf,1,0,0,0,Alaska_PrinceOfWalesIsland,rend,nw,0,1,0,0.286000318,0,0,0,1,0,1,1,0,1,0.001746397,1.169515709,-132.8754774,55.80414417
w201401_w201501_rend_2015,w201401_w201501,Sandy Beach,GW,wolf,1,0,0,0,Alaska_PrinceOfWalesIsland,rend,nw,0,1,0,0.92540068,0,0,0,1,0,1,1,0,1,0.015195605,1.319262441,-132.5541412,55.79229774
w201401_w201501_den_2015,w201401_w201501,Sandy Beach,GW,wolf,1,0,0,0,Alaska_PrinceOfWalesIsland,den,nw,1,0,0,0.883475298,0,0,0,1,0,1,1,0,1,0.023494449,1.381330902,-132.5332057,55.75095731
V028_V048_rend_2016,V028_V048,Moose River,GW,wolf,1,0,0,0,Minnesota_Voyageurs,rend,nw,0,1,0,0.06741573,0,0,0,1,0,0,1,0,1,0.018911427,2.109235386,-92.73520232,48.3906828
V027_V028_den_2015,V027_V028,Moose River,GW,wolf,1,0,0,0,Minnesota_Voyageurs,den,nw,1,0,0,0.225308038,0,0,0,1,0,0,1,0,1,0.007657384,2.438781042,-92.69806644,48.40028387
W955_W992_rend_2018,W955_W992,Little Moose River,GW,wolf,1,0,0,0,Wisconsin_NW,rend,nw,0,1,0,0.109090909,0,0,0,1,0,1,1,0,1,0.065235624,2.257307997,-91.04285166,46.05081223
BW811_BW1103_rend_2011,BW811_BW1103,Grant Creek,GW,wolf,1,0,0,0,Alaska_Denali,rend,nw,0,1,0,0.684931507,0,0,0,1,0,0,1,1,1,0.001952469,1.675757521,-149.9007442,63.55091589
BW1705_BW1706_rend_2017,BW1705_BW1706,Comb,GW,wolf,1,0,0,0,Alaska_Denali,rend,nw,0,1,0,0.775862069,0,0,0,1,0,0,1,1,1,0.000773353,1.787426351,-149.5922561,63.95325694
BW1702_BW1706_rend_2017,BW1702_BW1706,Comb,GW,wolf,1,0,0,0,Alaska_Denali,rend,nw,0,1,0,0.661016949,0,0,0,1,0,0,1,1,1,0.000791137,1.789971878,-149.5792614,63.95663306
BW1501_BW1602_rend_2016,BW1501_BW1602,Grant Creek,GW,wolf,1,0,0,0,Alaska_Denali,rend,nw,0,1,0,0.350877193,0,0,0,1,0,0,1,1,1,0.002246888,1.870502054,-149.8222691,63.54021609
BW1705_BW1706_den_2017,BW1705_BW1706,Comb,GW,wolf,1,0,0,0,Alaska_Denali,den,nw,1,0,0,0.727272727,0,0,0,1,0,0,1,1,1,0.000281881,2.123191993,-149.5848899,63.94628213
BW1702_BW1706_den_2017,BW1702_BW1706,Comb,GW,wolf,1,0,0,0,Alaska_Denali,den,nw,1,0,0,0.545454545,0,0,0,1,0,0,1,1,1,0.000392591,2.165604411,-149.5883645,63.95716801
W1296_W1439_den_2016,W1296_W1439,Mangas,GW,wolf,1,0,0,0,Arizona_NewMexico,den,nw,1,0,0,0.941176471,0,0,0,1,0,0,1,1,0,0.037120236,1.947582542,-108.9123347,33.945269
W1383_W1439_rend_2015,W1383_W1439,Hawks Nest,GW,wolf,1,0,0,0,Arizona_NewMexico,rend,nw,0,1,0,0.48962011,0,0,0,1,0,0,1,1,0,0.03639786,1.998754358,-109.3389428,34.01732577
W1333_W1681_rend_2018,W1333_W1681,Hoodoo,GW,wolf,1,0,0,0,Arizona_NewMexico,rend,nw,0,1,0,0.671641791,0,0,0,1,0,0,1,1,0,0.049717359,2.343188835,-109.2976672,33.94378903
W1333_W1789_rend_2018,W1333_W1789,Hoodoo,GW,wolf,1,0,0,0,Arizona_NewMexico,rend,nw,0,1,0,0.578947368,0,0,0,1,0,0,1,1,0,0.042738973,2.377236039,-109.2908708,33.92443794
W1333_W1677_rend_2018,W1333_W1677,Hoodoo,GW,wolf,1,0,0,0,Arizona_NewMexico,rend,nw,0,1,0,0.46031746,0,0,0,1,0,0,1,1,0,0.050445738,2.405654278,-109.2938527,33.95176617
W1346_W1561_rend_2017,W1346_W1561,Leopold,GW,wolf,1,0,0,0,Arizona_NewMexico,rend,nw,0,1,0,0.760869565,0,0,0,1,0,0,1,1,0,0.004951588,2.413979596,-108.5812782,33.36582886
W1441_W1792_rend_2018,W1441_W1792,Saffel,GW,wolf,1,0,0,0,Arizona_NewMexico,rend,nw,0,1,0,0.522727273,0,0,0,1,0,0,1,1,0,0.042818279,2.553378061,-109.3872247,33.9906204
W1333_W1677_den_2018,W1333_W1677,Hoodoo,GW,wolf,1,0,0,0,Arizona_NewMexico,den,nw,1,0,0,0.450549451,0,0,0,1,0,0,1,1,0,0.0384622,2.568330179,-109.3235559,33.93323258
W1333_W1681_den_2018,W1333_W1681,Hoodoo,GW,wolf,1,0,0,0,Arizona_NewMexico,den,nw,1,0,0,0.540229885,0,0,0,1,0,0,1,1,0,0.037939418,2.568645837,-109.3205168,33.93236719
W1346_W1561_den_2017,W1346_W1561,Leopold,GW,wolf,1,0,0,0,Arizona_NewMexico,den,nw,1,0,0,0.772727273,0,0,0,1,0,0,1,1,0,0.003928997,2.609961161,-108.6213355,33.36003888
W1158_W1684_den_2018,W1158_W1684,Luna,GW,wolf,1,0,0,0,Arizona_NewMexico,den,nw,1,0,0,0.615384615,0,0,0,1,0,0,1,1,0,0.032885738,2.710929398,-108.4287271,33.7332685
W1278_W1556_den_2018,W1278_W1556,Iron Creek,GW,wolf,1,0,0,0,Arizona_NewMexico,den,nw,1,0,0,0.306666667,0,0,0,1,0,0,1,1,0,0.039105243,2.739369551,-108.6236628,33.45000194
W1251_W1669_den_2018,W1251_W1669,Prieto,GW,wolf,1,0,0,0,Arizona_NewMexico,den,nw,1,0,0,0.360245337,0,0,0,1,0,0,1,1,0,0.037865684,2.755476607,-108.6680838,33.55662738
W1251_W1678_den_2018,W1251_W1678,Prieto,GW,wolf,1,0,0,0,Arizona_NewMexico,den,nw,1,0,0,0.34900929,0,0,0,1,0,0,1,1,0,0.03649348,2.779952092,-108.639135,33.59216463
W1278_W1821_rend_2018,W1278_W1821,Iron Creek,GW,wolf,1,0,0,0,Arizona_NewMexico,rend,nw,0,1,0,0.619047619,0,0,0,1,0,0,1,1,0,0.041957378,2.786314747,-108.6403013,33.43546996
W1278_W1556_rend_2018,W1278_W1556,Iron Creek,GW,wolf,1,0,0,0,Arizona_NewMexico,rend,nw,0,1,0,0.463855422,0,0,0,1,0,0,1,1,0,0.040156855,2.827063425,-108.5941722,33.45767579
W1296_W1664_rend_2018,W1296_W1664,Mangas,GW,wolf,1,0,0,0,Arizona_NewMexico,rend,nw,0,1,0,0.553299492,0,0,0,1,0,0,1,1,0,0.033697341,2.827218635,-108.8043489,33.95792042
W1278_W1555_rend_2018,W1278_W1555,Iron Creek,GW,wolf,1,0,0,0,Arizona_NewMexico,rend,nw,0,1,0,0.53125,0,0,0,1,0,0,1,1,0,0.041625463,2.827316797,-108.6185622,33.45329869
W1158_W1684_rend_2018,W1158_W1684,Luna,GW,wolf,1,0,0,0,Arizona_NewMexico,rend,nw,0,1,0,0.587837838,0,0,0,1,0,0,1,1,0,0.038664511,2.902788229,-108.4304499,33.67147333
W1251_W1669_rend_2018,W1251_W1669,Prieto,GW,wolf,1,0,0,0,Arizona_NewMexico,rend,nw,0,1,0,0.531729952,0,0,0,1,0,0,1,1,0,0.037640925,2.937797838,-108.6474831,33.56723534
W1296_W1664_den_2018,W1296_W1664,Mangas,GW,wolf,1,0,0,0,Arizona_NewMexico,den,nw,1,0,0,0.351351351,0,0,0,1,0,0,1,1,0,0.028647612,2.958260653,-108.8451493,34.04544739
JSW1701_JSW1308_den_2017,JSW1701_JSW1308,Sorenson,GW,wolf,1,0,0,0,Alaska_Yukon_Charley,den,nw,1,0,0,0.141304348,0,0,0,1,0,1,1,0,1,1.67E-05,1.733505038,-142.8945185,64.86860381
JSW1704_JSW1308_rend_2017,JSW1704_JSW1308,Sorenson,GW,wolf,1,0,0,0,Alaska_Yukon_Charley,rend,nw,0,1,0,0.273291925,0,0,0,1,0,1,1,0,1,4.04E-05,1.865678804,-142.7086862,64.87636734
JSW1701_JSW1308_rend_2017,JSW1701_JSW1308,Sorenson,GW,wolf,1,0,0,0,Alaska_Yukon_Charley,rend,nw,0,1,0,0.2625,0,0,0,1,0,1,1,0,1,3.23E-05,1.872230659,-142.7505925,64.86330098
W448f_W449m_rend_2017,W448f_W449m,Eureka,GW,wolf,1,0,0,0,Ellesmere,rend,nw,0,1,0,0.770546672,0,0,0,1,0,0,1,1,0,0.000405891,2.695817763,-85.3127905,79.83186894
JSW222_JSW237_rend_2008,JSW222_JSW237,Step Mountain,GW,wolf,1,0,0,0,Alaska_Yukon_Charley,rend,nw,0,1,0,0.144927536,0,1,0,0,1,1,1,1,1,1.95E-05,2.001931186,-141.8343718,65.02046942
JSW222_JSW237_winter_2008_2009,JSW222_JSW237,Step Mountain,GW,wolf,1,0,0,0,Alaska_Yukon_Charley,winter,winter,0,0,1,0.133333333,0,1,0,0,1,1,1,1,1,2.89E-06,1.951929499,-141.8593981,65.1073968
JSW251_JSW257_rend_2011,JSW251_JSW257,Nation River,GW,wolf,1,0,0,0,Alaska_Yukon_Charley,rend,nw,0,1,0,0.356164384,0,1,0,0,1,1,1,1,1,1.62E-05,1.927183097,-141.557844,65.26694058
JSW251_JSW257_winter_2010_2011,JSW251_JSW257,Nation River,GW,wolf,1,0,0,0,Alaska_Yukon_Charley,winter,winter,0,0,1,0.842465753,0,1,0,0,1,1,1,1,1,1.89E-05,2.200654004,-141.519085,65.34626353
JSW251_JSW257_winter_2011_2012,JSW251_JSW257,Nation River,GW,wolf,1,0,0,0,Alaska_Yukon_Charley,winter,winter,0,0,1,0.807692308,0,1,0,0,1,1,1,1,1,1.41E-05,1.95229683,-141.8843851,65.40042981
JSW264_JSW265_rend_2012,JSW264_JSW265,Snowy Peak,GW,wolf,1,0,0,0,Alaska_Yukon_Charley,rend,nw,0,1,0,0.308641975,0,1,0,0,1,1,1,1,1,7.37E-06,1.94376857,-142.3286153,65.50311882
JSW264_JSW265_winter_2011_2012,JSW264_JSW265,Snowy Peak,GW,wolf,1,0,0,0,Alaska_Yukon_Charley,winter,winter,0,0,1,0.875,0,1,0,0,1,1,1,1,1,1.15E-05,1.958071369,-142.5953458,65.58562113
JSW264_JSW265_winter_2012_2013,JSW264_JSW265,Snowy Peak,GW,wolf,1,0,0,0,Alaska_Yukon_Charley,winter,winter,0,0,1,0.84180791,0,1,0,0,1,1,1,1,1,8.67E-06,2.013399614,-142.3704431,65.48145956
JSW264_JSW266_rend_2012,JSW264_JSW266,Snowy Peak,GW,wolf,1,0,0,0,Alaska_Yukon_Charley,rend,nw,0,1,0,0.569230769,0,1,0,0,1,1,1,1,1,7.49E-06,1.952496937,-142.4549544,65.51155336
JSW264_JSW266_winter_2011_2012,JSW264_JSW266,Snowy Peak,GW,wolf,1,0,0,0,Alaska_Yukon_Charley,winter,winter,0,0,1,0.75,0,1,0,0,1,1,1,1,1,1.49E-05,1.959163591,-142.6034109,65.58635173
JSW264_JSW266_winter_2012_2013,JSW264_JSW266,Snowy Peak,GW,wolf,1,0,0,0,Alaska_Yukon_Charley,winter,winter,0,0,1,0.882882883,0,1,0,0,1,1,1,1,1,9.36E-06,2.009735392,-142.356693,65.48784284
JSW265_JSW266_rend_2012,JSW265_JSW266,Snowy Peak,GW,wolf,1,0,0,0,Alaska_Yukon_Charley,rend,nw,0,1,0,0.4,0,1,0,0,1,1,1,1,1,7.50E-06,1.960072107,-142.3115286,65.48053537
JSW265_JSW266_winter_2012_2013,JSW265_JSW266,Snowy Peak,GW,wolf,1,0,0,0,Alaska_Yukon_Charley,winter,winter,0,0,1,0.833333333,0,1,0,0,1,1,1,1,1,9.20E-06,2.015214418,-142.3750957,65.48836094
W409_W412_winter_2011_2012,W409_W412,Tundra4,GW,wolf,1,0,0,0,NWT_NE,winter,winter,0,0,1,0.535083084,0,1,0,0,1,0,0,0,1,0.003070226,2.079574588,-112.2278448,64.74245273
W11535_W4364C_winter_2012_2013,W11535_W4364C,VezII,GW,wolf,1,0,0,0,N_Portugal,winter,winter,0,0,1,0.134826411,0,1,0,0,1,1,0,1,0,0.149152616,2.117202714,-8.31907271,41.95119063
BW1202_BW1801_winter_2017_2018,BW1202_BW1801,Riley Creek,GW,wolf,1,0,0,0,Alaska_Denali,winter,winter,0,0,1,0.946236559,0,1,0,0,1,0,1,1,1,0.007221296,1.431749624,-149.5262438,63.73099106
BW1404_BW1602_winter_2015_2016,BW1404_BW1602,Grant Creek,GW,wolf,1,0,0,0,Alaska_Denali,winter,winter,0,0,1,0.83902439,0,1,0,0,1,0,1,1,1,0.002467212,1.829661761,-149.6361798,63.56702879
BW1406_BW1601_winter_2015_2016,BW1406_BW1601,Riley Creek,GW,wolf,1,0,0,0,Alaska_Denali,winter,winter,0,0,1,0.79245283,0,0,1,0,1,0,1,1,1,0.006149144,1.920737146,-149.3116155,63.70145518
BW1404_BW1602_winter_2016_2017,BW1404_BW1602,Grant Creek,GW,wolf,1,0,0,0,Alaska_Denali,winter,winter,0,0,1,0.869742198,0,1,0,0,1,0,1,1,1,0.00439904,1.941396242,-149.1869867,63.48098618
BW1503_BW1603_winter_2015_2016,BW1503_BW1603,Myrtle,GW,wolf,1,0,0,0,Alaska_Denali,winter,winter,0,0,1,0.721518987,0,0,1,0,1,0,1,1,1,0.000555945,1.943644899,-150.7335983,63.56748798
BW1302_BW1605_winter_2016_2017,BW1302_BW1605,John Hansen,GW,wolf,1,0,0,0,Alaska_Denali,winter,winter,0,0,1,0.853333333,0,0,1,0,1,0,1,1,1,0.000270728,2.057476886,-152.2112532,63.72004208
BW1302_BW1605_winter_2015_2016,BW1302_BW1605,John Hansen,GW,wolf,1,0,0,0,Alaska_Denali,winter,winter,0,0,1,0.8125,0,0,1,0,1,0,1,1,1,0.000101619,2.179103385,-152.1467522,63.74064275
Mich02_Mich06_winter_2017_2018,Mich02_Mich06,Mich,GW,wolf,1,0,0,0,Ontario_Michipicoten,winter,winter,0,0,1,0.275362319,0,0,1,0,1,0,0,0,1,0.002638806,1.827436421,-85.75556686,47.74098011
Mich03_Mich07_winter_2017_2018,Mich03_Mich07,Mich,GW,wolf,1,0,0,0,Ontario_Michipicoten,winter,winter,0,0,1,0.446969697,0,1,0,0,1,0,0,0,1,0.008459269,1.920691331,-85.79205819,47.73808959
Mich02_Mich12_winter_2017_2018,Mich02_Mich12,Mich,GW,wolf,1,0,0,0,Ontario_Michipicoten,winter,winter,0,0,1,0.454545455,0,0,1,0,1,0,0,0,1,0.008671728,1.922020927,-85.77661785,47.73550102
Mich03_Mich08_winter_2017_2018,Mich03_Mich08,Mich,GW,wolf,1,0,0,0,Ontario_Michipicoten,winter,winter,0,0,1,0.848484848,0,1,0,0,1,0,0,0,1,0.009842065,1.922278953,-85.78424711,47.73541829
Mich02_Mich11_winter_2017_2018,Mich02_Mich11,Mich,GW,wolf,1,0,0,0,Ontario_Michipicoten,winter,winter,0,0,1,0.441860465,0,0,1,0,1,0,0,0,1,0.008718316,1.92419394,-85.78717916,47.73494944
Mich05_Mich07_winter_2017_2018,Mich05_Mich07,Mich,GW,wolf,1,0,0,0,Ontario_Michipicoten,winter,winter,0,0,1,0.322580645,0,1,0,0,1,0,0,0,1,0.008635891,1.936118501,-85.80856101,47.73545732
Mich05_Mich08_winter_2017_2018,Mich05_Mich08,Mich,GW,wolf,1,0,0,0,Ontario_Michipicoten,winter,winter,0,0,1,0.156346133,0,1,0,0,1,0,0,0,1,0.007724265,1.937389944,-85.78340402,47.74002833
Mich02_Mich04_winter_2015_2016,Mich02_Mich04,Mich,GW,wolf,1,0,0,0,Ontario_Michipicoten,winter,winter,0,0,1,0.545125378,0,0,1,0,1,0,0,0,1,0.008032032,1.958576983,-85.77837439,47.73337898
Mich01_Mich02_winter_2015_2016,Mich01_Mich02,Mich,GW,wolf,1,0,0,0,Ontario_Michipicoten,winter,winter,0,0,1,0.82629502,0,0,1,0,1,0,0,0,1,0.006521276,1.96626498,-85.78536017,47.73997503
Mich01_Mich02_winter_2014_2015,Mich01_Mich02,Mich,GW,wolf,1,0,0,0,Ontario_Michipicoten,winter,winter,0,0,1,0.79964539,0,0,1,0,1,0,0,0,1,0.006659383,2.024209271,-85.80056073,47.74190261
Mich02_Mich06_winter_2016_2017,Mich02_Mich06,Mich,GW,wolf,1,0,0,0,Ontario_Michipicoten,winter,winter,0,0,1,0.317518248,0,0,1,0,1,0,0,0,1,0.004355189,2.044789547,-85.7915905,47.74245757
Mich01_Mich02_winter_2016_2017,Mich01_Mich02,Mich,GW,wolf,1,0,0,0,Ontario_Michipicoten,winter,winter,0,0,1,0.851817729,0,0,1,0,1,0,0,0,1,0.007179372,2.113968893,-85.78879104,47.74048916
Mich03_Mich07_winter_2018_2019,Mich03_Mich07,Mich,GW,wolf,1,0,0,0,Ontario_Michipicoten,winter,winter,0,0,1,0.203703704,0,1,0,0,1,0,0,1,1,0.010375561,2.690503188,-85.76218052,47.73077136
M1410_M1408_winter_2013_2014,M1410_M1408,Julussa,GW,wolf,1,0,0,0,Norway_Sweden,winter,winter,0,0,1,0.710526316,0,0,1,0,1,0,0,1,1,0.097013178,1.506570745,11.25627714,61.38870681
M1409_M1407_winter_2013_2014,M1409_M1407,Julussa,GW,wolf,1,0,0,0,Norway_Sweden,winter,winter,0,0,1,0.276190476,0,1,0,0,1,0,0,1,1,0.103524804,1.529836051,11.30199475,61.37657963
M1110_M1111_winter_2011_2012,M1110_M1111,Rotna,GW,wolf,1,0,0,0,Norway_Sweden,winter,winter,0,0,1,0.232142857,0,1,0,0,1,0,0,1,1,0.129635279,1.670953227,12.47133105,60.51627797
M0110_M0302_winter_2002_2003,M0110_M0302,Grafjell,GW,wolf,1,0,0,0,Norway_Sweden,winter,winter,0,0,1,0.315144766,0,1,0,0,1,0,0,1,1,0.104094185,1.907032528,11.40047992,61.35595512
M1110_M1111_winter_2010_2011,M1110_M1111,Rotna,GW,wolf,1,0,0,0,Norway_Sweden,winter,winter,0,0,1,0.25,0,1,0,0,1,0,0,1,1,0.121020821,1.946931963,12.46676886,60.5145814
rw11357F_rw11660F_winter_2008_2009,rw11357F_rw11660F,Milltail,RW,wolf,0,0,1,0,NorthCarolina_AlligatorNWR,winter,winter,0,0,1,0.102702703,0,1,0,0,1,1,1,0,1,0.230273304,2.268814194,-75.85263936,35.84360104
rw11421M_rw11661M_winter_2008_2009,rw11421M_rw11661M,Milltail,RW,wolf,0,0,1,0,NorthCarolina_AlligatorNWR,winter,winter,0,0,1,0.137168503,0,0,1,0,1,1,1,0,1,0.257251706,2.269597197,-75.86241393,35.84772852
rw11326M_rw11373M_winter_2007_2008,rw11326M_rw11373M,Bluestone,RW,wolf,0,0,1,0,NorthCarolina_AlligatorNWR,winter,winter,0,0,1,0.532921593,0,0,1,0,1,1,1,0,1,0.458912505,2.585156998,-76.54878601,35.80685527
W704_W705_winter_2016_2017,W704_W705,Buffalo Lake,GW,wolf,1,0,0,0,NWT_GreatSlaveLake,winter,winter,0,0,1,0.688311688,0,1,0,0,1,1,1,0,1,5.28E-05,2.07213639,-115.4356302,60.4398879
W702_W703_winter_2016_2017,W702_W703,Falaise Lake,GW,wolf,1,0,0,0,NWT_GreatSlaveLake,winter,winter,0,0,1,0.67544784,0,1,0,0,1,0,1,1,1,3.96E-05,2.267204592,-116.1965026,61.56208947
BPW1701_BPW1703_winter_2017_2018,BPW1701_BPW1703,Oxtongue,EW,wolf,0,1,0,0,Ontario_Algonquin_Kawartha,winter,winter,0,0,1,0.457508034,0,0,1,0,1,0,1,1,1,0.067871403,1.70796954,-78.88605475,45.4195876
BW1640_BW1642_winter_2016_2017,BW1640_BW1642,Loontail,EW,wolf,0,1,0,0,Ontario_Algonquin_Kawartha,winter,winter,0,0,1,0.233962264,0,1,0,0,1,0,1,1,1,0.006945319,1.846217621,-78.86933484,45.81158309
BPW1701_BPW1703_winter_2016_2017,BPW1701_BPW1703,Oxtongue,EW,wolf,0,1,0,0,Ontario_Algonquin_Kawartha,winter,winter,0,0,1,0.511111111,0,0,1,0,1,0,1,1,1,0.028965859,1.898705563,-78.85010534,45.46548977
BW1633_BW1634_winter_2016_2017,BW1633_BW1634,Shirley,EW,wolf,0,1,0,0,Ontario_Algonquin_Kawartha,winter,winter,0,0,1,0.381733021,0,0,1,0,1,0,1,0,1,0.008978013,2.106163549,-78.09172687,45.69650526
wAF270_wJF495_winter_2012_2013,wAF270_wJF495,Honker,GW,wolf,1,0,0,0,Alaska_PrinceOfWalesIsland,winter,winter,0,0,1,0.234567901,0,1,0,0,1,1,1,0,1,0.00231989,1.205610215,-132.9444748,55.83012783
W848_W943_winter_2017_2018,W848_W943,Price Creek,GW,wolf,1,0,0,0,Wisconsin_NW,winter,winter,0,0,1,0.169811321,0,1,0,0,1,1,1,0,1,0.065307143,1.893958405,-90.63634875,45.74112469
BCW1_BCW2_winter_2009_2010,BCW1_BCW2,Beaver_Creek,GW,wolf,1,0,0,0,Alaska_YukonFlatsNWR,winter,winter,0,0,1,0.932300054,0,1,0,0,1,0,1,1,1,0.000112677,2.373295837,-146.7747876,66.27150488
csw1_csw2_winter_2009_2010,csw1_csw2,Crazy_Slough,GW,wolf,1,0,0,0,Alaska_YukonFlatsNWR,winter,winter,0,0,1,0.820750041,0,0,1,0,1,0,1,1,1,4.48E-05,2.56749523,-146.5083166,66.71299112
W210_W259_winter_2009_2010,W210_W259,Sunday,EW,wolf,0,1,0,0,Ontario_Algonquin_Kawartha,winter,winter,0,0,1,0.569318801,0,1,0,0,1,0,1,1,1,0.007953736,1.892458706,-78.46217363,45.66620638
W923_W1444_winter_2015_2016,W923_W1444,Dark Canyon,GW,wolf,1,0,0,0,Arizona_NewMexico,winter,winter,0,0,1,0.736604543,0,1,0,0,1,0,1,1,0,0.038544306,2.21602141,-108.6876043,33.46541689
W1251_W1565_winter_2016_2017,W1251_W1565,Prieto,GW,wolf,1,0,0,0,Arizona_NewMexico,winter,winter,0,0,1,0.9375,0,1,0,0,1,0,1,1,0,0.034791094,2.451980125,-108.6720404,33.5837681
W1251_W1565_winter_2017_2018,W1251_W1565,Prieto,GW,wolf,1,0,0,0,Arizona_NewMexico,winter,winter,0,0,1,0.965909091,0,1,0,0,1,0,1,1,0,0.036307031,2.503473231,-108.6293337,33.58537471
W1441_W1680_winter_2017_2018,W1441_W1680,Saffel,GW,wolf,1,0,0,0,Arizona_NewMexico,winter,winter,0,0,1,0.710674837,0,0,1,0,1,0,1,1,0,0.043542524,2.634700027,-109.3716258,34.0201942
W1399_W1578_winter_2018_2019,W1399_W1578,San Mateo,GW,wolf,1,0,0,0,Arizona_NewMexico,winter,winter,0,0,1,0.598540146,0,1,0,0,1,0,1,1,0,0.038168051,2.826767962,-108.4522722,34.07793808
W1399_W1578_winter_2017_2018,W1399_W1578,San Mateo,GW,wolf,1,0,0,0,Arizona_NewMexico,winter,winter,0,0,1,0.775510204,0,1,0,0,1,0,1,1,0,0.037215662,2.870140309,-108.4169939,34.06751133
M0906_M0909_winter_2008_2009,M0906_M0909,Fulufjellet,GW,wolf,1,0,0,0,Norway_Sweden,winter,winter,0,0,1,0.283333333,0,1,0,0,1,0,1,1,1,0.095932689,1.538974198,13.085726,61.46117292
M0906_M0907_winter_2008_2009,M0906_M0907,Fulufjellet,GW,wolf,1,0,0,0,Norway_Sweden,winter,winter,0,0,1,0.627272727,0,1,0,0,1,0,1,1,1,0.080267351,1.561951394,13.10368091,61.41815405
M0906_M0908_winter_2008_2009,M0906_M0908,Fulufjellet,GW,wolf,1,0,0,0,Norway_Sweden,winter,winter,0,0,1,0.261208577,0,1,0,0,1,0,1,1,1,0.086368137,1.58368371,13.0698785,61.43407848
M0903_M0901_winter_2008_2009,M0903_M0901,Galven,GW,wolf,1,0,0,0,Norway_Sweden,winter,winter,0,0,1,0.245559236,0,0,1,0,1,0,1,1,1,0.133768704,1.699897974,15.9519368,61.50986016
w935m_w936m_winter_2013_2014,w935m_w936m,Blackrock,GW,wolf,1,0,0,0,Wyoming,winter,winter,0,0,1,0.891562023,0,0,1,0,1,0,1,1,1,0.026849257,1.555316204,-110.3499462,43.63539351
BCW26819_BCW32120_winter_2018_2019,BCW26819_BCW32120,Tagai Lake,GW,wolf,1,0,0,0,BritishColumbia_W_PrinceGeorge,winter,winter,0,0,1,0.441924078,0,0,1,0,1,0,1,1,1,0.026151707,1.848551874,-123.815528,53.44816394
w65_w77_winter_2003_2004,w65_w77,Ya Ha Tinda,GW,wolf,1,0,0,0,Alberta_W_YaHaTinda,winter,winter,0,0,1,0.421792619,0,0,1,0,1,1,1,1,1,0.046150274,2.107876513,-115.6563646,51.77021483
W11535_W4364C_rend_2013,W11535_W4364C,VezII,GW,wolf,1,0,0,0,N_Portugal,rend,nw,0,1,0,0.273547094,0,1,0,0,1,1,0,1,0,0.121955015,2.161306644,-8.31422795,41.96087506
W11535_W4364C_den_2013,W11535_W4364C,VezII,GW,wolf,1,0,0,0,N_Portugal,den,nw,1,0,0,0.137254902,0,1,0,0,1,1,0,1,0,0.114633761,2.196815988,-8.310841,41.96101097
Mich02_Mich06_rend_2017,Mich02_Mich06,Mich,GW,wolf,1,0,0,0,Ontario_Michipicoten,rend,nw,0,1,0,0.194003527,0,0,1,0,1,0,0,0,1,0.002773406,1.86771663,-85.78199573,47.74206305
Mich01_Mich02_rend_2015,Mich01_Mich02,Mich,GW,wolf,1,0,0,0,Ontario_Michipicoten,rend,nw,0,1,0,0.565985388,0,0,1,0,1,0,0,0,1,0.002101587,1.944899557,-85.78491527,47.74943226
Mich02_Mich04_den_2016,Mich02_Mich04,Mich,GW,wolf,1,0,0,0,Ontario_Michipicoten,den,nw,1,0,0,0.270157884,0,0,1,0,1,0,0,0,1,0.000926738,1.965402205,-85.77097919,47.74032253
Mich01_Mich02_den_2015,Mich01_Mich02,Mich,GW,wolf,1,0,0,0,Ontario_Michipicoten,den,nw,1,0,0,0.496644295,0,0,1,0,1,0,0,0,1,0.002372151,1.973874814,-85.80777156,47.74707121
Mich02_Mich06_den_2017,Mich02_Mich06,Mich,GW,wolf,1,0,0,0,Ontario_Michipicoten,den,nw,1,0,0,0.08362909,0,0,1,0,1,0,0,0,1,0.003598314,2.005371072,-85.77506449,47.73954967
Mich01_Mich02_den_2016,Mich01_Mich02,Mich,GW,wolf,1,0,0,0,Ontario_Michipicoten,den,nw,1,0,0,0.569023569,0,0,1,0,1,0,0,0,1,0.000353132,2.012129889,-85.78625216,47.74654977
Mich01_Mich02_rend_2016,Mich01_Mich02,Mich,GW,wolf,1,0,0,0,Ontario_Michipicoten,rend,nw,0,1,0,0.624969136,0,0,1,0,1,0,0,0,1,0.003574117,2.124336975,-85.80409791,47.74429214
Mich02_Mich04_rend_2016,Mich02_Mich04,Mich,GW,wolf,1,0,0,0,Ontario_Michipicoten,rend,nw,0,1,0,0.402569593,0,0,1,0,1,0,0,0,1,0.003629305,2.181248468,-85.79626626,47.73870543
Mich03_Mich07_rend_2018,Mich03_Mich07,Mich,GW,wolf,1,0,0,0,Ontario_Michipicoten,rend,nw,0,1,0,0.070707071,0,1,0,0,1,0,0,0,1,0.005285863,2.532143728,-85.75367806,47.74025444
M1409_M1407_rend_2014,M1409_M1407,Julussa,GW,wolf,1,0,0,0,Norway_Sweden,rend,nw,0,1,0,0.353233831,0,1,0,0,1,0,0,1,1,0.090781545,1.500500127,11.29186601,61.38695504
M1409_M1407_den_2014,M1409_M1407,Julussa,GW,wolf,1,0,0,0,Norway_Sweden,den,nw,1,0,0,0.083333333,0,1,0,0,1,0,0,1,1,0.087376731,1.601835071,11.29931571,61.35872351
M1110_M1111_rend_2011,M1110_M1111,Rotna,GW,wolf,1,0,0,0,Norway_Sweden,rend,nw,0,1,0,0.40991288,0,1,0,0,1,0,0,1,1,0.117904037,1.631394604,12.46923485,60.53747381
M1110_M1111_den_2011,M1110_M1111,Rotna,GW,wolf,1,0,0,0,Norway_Sweden,den,nw,1,0,0,0.287596429,0,1,0,0,1,0,0,1,1,0.109086924,1.775341203,12.51590641,60.53149249
M1109_M1108_den_2011,M1109_M1108,Rotna,GW,wolf,1,0,0,0,Norway_Sweden,den,nw,1,0,0,0.255737705,0,0,1,0,1,0,0,1,1,0.112595458,1.820438068,12.48501175,60.52615719
rw11421M_rw11661M_den_2009,rw11421M_rw11661M,Milltail,RW,wolf,0,0,1,0,NorthCarolina_AlligatorNWR,den,nw,1,0,0,0.128205128,0,0,1,0,1,1,1,0,1,0.276767496,2.188434091,-75.86237353,35.84682438
rw11421M_rw11544M_den_2009,rw11421M_rw11544M,Milltail,RW,wolf,0,0,1,0,NorthCarolina_AlligatorNWR,den,nw,1,0,0,0.393939394,0,0,1,0,1,1,1,0,1,0.258710153,2.208688673,-75.89202479,35.8547343
rw11421M_rw11661M_rend_2009,rw11421M_rw11661M,Milltail,RW,wolf,0,0,1,0,NorthCarolina_AlligatorNWR,rend,nw,0,1,0,0.162453184,0,0,1,0,1,1,1,0,1,0.256618213,2.296416674,-75.85519281,35.8464553
rw11421M_rw11544M_rend_2009,rw11421M_rw11544M,Milltail,RW,wolf,0,0,1,0,NorthCarolina_AlligatorNWR,rend,nw,0,1,0,0.252767359,0,0,1,0,1,1,1,0,1,0.271347522,2.311058417,-75.86986527,35.85070569
rw11326M_rw11373M_rend_2007,rw11326M_rw11373M,Bluestone,RW,wolf,0,0,1,0,NorthCarolina_AlligatorNWR,rend,nw,0,1,0,0.426327434,0,0,1,0,1,1,1,0,1,0.487372721,2.726795106,-76.54819205,35.81250631
W702_W703_den_2017,W702_W703,Falaise Lake,GW,wolf,1,0,0,0,NWT_GreatSlaveLake,den,nw,1,0,0,0.275390625,0,1,0,0,1,0,1,1,1,0.000123913,2.360923536,-116.2467664,61.4268975
BPW1701_BPW1703_rend_2017,BPW1701_BPW1703,Oxtongue,EW,wolf,0,1,0,0,Ontario_Algonquin_Kawartha,rend,nw,0,1,0,0.27638191,0,0,1,0,1,0,1,1,1,0.017075358,1.629398761,-78.83632828,45.47916635
BPW1701_BPW1703_den_2018,BPW1701_BPW1703,Oxtongue,EW,wolf,0,1,0,0,Ontario_Algonquin_Kawartha,den,nw,1,0,0,0.486618005,0,0,1,0,1,0,1,1,1,0.015259259,1.670531567,-78.89023434,45.49886875
BPW1701_BPW1703_rend_2018,BPW1701_BPW1703,Oxtongue,EW,wolf,0,1,0,0,Ontario_Algonquin_Kawartha,rend,nw,0,1,0,0.571500567,0,0,1,0,1,0,1,1,1,0.015760402,1.730080507,-78.92542951,45.51806906
BQE1404_BQE1527_rend_2015,BQE1404_BQE1527,Bob Caygeon,EW,wolf,0,1,0,0,Ontario_Algonquin_Kawartha,rend,nw,0,1,0,0.062154696,0,1,0,0,1,1,1,0,1,0.040073478,1.765798865,-78.8704278,44.95372729
BPW1701_BPW1703_den_2017,BPW1701_BPW1703,Oxtongue,EW,wolf,0,1,0,0,Ontario_Algonquin_Kawartha,den,nw,1,0,0,0.223730103,0,0,1,0,1,0,1,1,1,0.016123413,1.84935787,-78.83152804,45.49108295
BW1404_BW1602_rend_2016,BW1404_BW1602,Grant Creek,GW,wolf,1,0,0,0,Alaska_Denali,rend,nw,0,1,0,0.472340426,0,1,0,0,1,0,1,1,1,0.002036805,1.872367472,-149.8042474,63.55425825
BW1302_BW1605_rend_2016,BW1302_BW1605,John Hansen,GW,wolf,1,0,0,0,Alaska_Denali,rend,nw,0,1,0,0.379310345,0,0,1,0,1,0,1,1,1,0.000242315,1.984020568,-152.1984016,63.72136248
W1550_W1333_rend_2017,W1550_W1333,Hoodoo,GW,wolf,1,0,0,0,Arizona_NewMexico,rend,nw,0,1,0,0.675,0,1,0,0,1,0,1,1,0,0.040153229,2.011436906,-109.2848831,33.93225247
W1251_W1565_rend_2017,W1251_W1565,Prieto,GW,wolf,1,0,0,0,Arizona_NewMexico,rend,nw,0,1,0,0.722186495,0,1,0,0,1,0,1,1,0,0.037178258,2.327691081,-108.6383395,33.58911857
W1441_W1680_rend_2018,W1441_W1680,Saffel,GW,wolf,1,0,0,0,Arizona_NewMexico,rend,nw,0,1,0,0.703883495,0,0,1,0,1,0,1,1,0,0.04450026,2.51296528,-109.3968967,33.99038848
W1441_W1680_den_2018,W1441_W1680,Saffel,GW,wolf,1,0,0,0,Arizona_NewMexico,den,nw,1,0,0,0.62745098,0,0,1,0,1,0,1,1,0,0.042780641,2.735321287,-109.4103719,34.00093842
W1439_W1705_rend_2018,W1439_W1705,Mangas,GW,wolf,1,0,0,0,Arizona_NewMexico,rend,nw,0,1,0,0.822222222,0,1,0,0,1,0,1,1,0,0.033388998,2.863808614,-108.7983006,33.96890836
W1399_W1578_rend_2018,W1399_W1578,San Mateo,GW,wolf,1,0,0,0,Arizona_NewMexico,rend,nw,0,1,0,0.727272727,0,1,0,0,1,0,1,1,0,0.035952401,3.133615739,-108.4398491,34.06721448
BCW26819_BCW32120_rend_2019,BCW26819_BCW32120,Tagai Lake,GW,wolf,1,0,0,0,BritishColumbia_W_PrinceGeorge,rend,nw,0,1,0,0.4322156,0,0,1,0,1,0,1,1,1,0.026241631,1.738596922,-123.9266023,53.45117977
BCW26819_BCW32120_den_2019,BCW26819_BCW32120,Tagai Lake,GW,wolf,1,0,0,0,BritishColumbia_W_PrinceGeorge,den,nw,1,0,0,0.269324654,0,0,1,0,1,0,1,1,1,0.025416691,1.838723289,-123.8895294,53.41265725
rw11421M_rw11544M_winter_2008_2009,rw11421M_rw11544M,Milltail,RW,wolf,0,0,1,0,NorthCarolina_AlligatorNWR,winter,winter,0,0,1,0.18728865,0,0,1,0,1,1,1,0,1,0.214900689,2.212723617,-75.87629959,35.85156416
BW1647_BW1649_winter_2016_2017,BW1647_BW1649,Brule2,EW,wolf,0,1,0,0,Ontario_Algonquin_Kawartha,winter,winter,0,0,1,0.531791908,0,0,1,0,1,0,1,1,1,0.008961292,1.968761616,-78.8126363,45.58104767
rw11357F_rw11544M_winter_2008_2009,rw11357F_rw11544M,Milltail,RW,wolf,0,0,1,0,NorthCarolina_AlligatorNWR,winter,winter,0,0,1,0.642256536,1,0,0,1,0,1,1,0,1,0.205641143,2.269597197,-75.87510455,35.84999562
BW1302_BW1707_winter_2017_2018,BW1302_BW1707,John Hansen,GW,wolf,1,0,0,0,Alaska_Denali,winter,winter,0,0,1,0.837558685,1,0,0,1,0,0,1,1,1,0.000747371,1.667902819,-152.2065815,63.72397068
BW1208_BW1405_winter_2015_2016,BW1208_BW1405,Iron Creek West,GW,wolf,1,0,0,0,Alaska_Denali,winter,winter,0,0,1,0.967741935,1,0,0,1,0,0,1,1,1,0,1.771083816,-151.5880739,63.24772177
BW1404_BW1501_winter_2015_2016,BW1404_BW1501,Grant Creek,GW,wolf,1,0,0,0,Alaska_Denali,winter,winter,0,0,1,0.961373391,1,0,0,1,0,0,1,1,1,0.002935919,1.852282988,-149.4858918,63.52611437
BW1404_BW1501_winter_2016_2017,BW1404_BW1501,Grant Creek,GW,wolf,1,0,0,0,Alaska_Denali,winter,winter,0,0,1,0.901800327,1,0,0,1,0,0,1,1,1,0.003739633,1.926508951,-149.2670438,63.47678125
BW1202_BW1406_winter_2015_2016,BW1202_BW1406,Riley Creek,GW,wolf,1,0,0,0,Alaska_Denali,winter,winter,0,0,1,0.907949791,1,0,0,1,0,0,1,1,1,0.008738257,1.930020084,-149.2141856,63.66907462
BW1503_BW1504_winter_2015_2016,BW1503_BW1504,Myrtle,GW,wolf,1,0,0,0,Alaska_Denali,winter,winter,0,0,1,0.779527559,1,0,0,1,0,0,1,1,1,0.001037792,1.946334923,-150.7832341,63.56122636
BW1202_BW1406_winter_2016_2017,BW1202_BW1406,Riley Creek,GW,wolf,1,0,0,0,Alaska_Denali,winter,winter,0,0,1,0.973894126,1,0,0,1,0,0,1,1,1,0.002386912,1.947600269,-149.3973755,63.65222413
BW1208_BW1405_winter_2014_2015,BW1208_BW1405,Iron Creek West,GW,wolf,1,0,0,0,Alaska_Denali,winter,winter,0,0,1,0.901960784,1,0,0,1,0,0,1,1,1,0,1.966386778,-151.5751621,63.17631056
BW1202_BW1406_winter_2014_2015,BW1202_BW1406,Riley Creek,GW,wolf,1,0,0,0,Alaska_Denali,winter,winter,0,0,1,0.863636364,1,0,0,1,0,0,1,1,1,0.010293155,2.270124255,-149.092265,63.65067607
Mich02_Mich05_winter_2017_2018,Mich02_Mich05,Mich,GW,wolf,1,0,0,0,Ontario_Michipicoten,winter,winter,0,0,1,0.208654649,1,0,0,1,0,0,0,0,1,0.008433083,1.933214425,-85.78752272,47.74022823
Mich02_Mich03_winter_2017_2018,Mich02_Mich03,Mich,GW,wolf,1,0,0,0,Ontario_Michipicoten,winter,winter,0,0,1,0.770833333,1,0,0,1,0,0,0,0,1,0.007112122,1.945833003,-85.78562059,47.73611519
Mich02_Mich03_winter_2015_2016,Mich02_Mich03,Mich,GW,wolf,1,0,0,0,Ontario_Michipicoten,winter,winter,0,0,1,0.818780728,1,0,0,1,0,0,0,0,1,0.007268129,1.962969941,-85.78572753,47.73648047
Mich02_Mich03_winter_2014_2015,Mich02_Mich03,Mich,GW,wolf,1,0,0,0,Ontario_Michipicoten,winter,winter,0,0,1,0.8125,1,0,0,1,0,0,0,0,1,0.002624561,2.001739331,-85.79547498,47.74739645
Mich02_Mich03_winter_2016_2017,Mich02_Mich03,Mich,GW,wolf,1,0,0,0,Ontario_Michipicoten,winter,winter,0,0,1,0.953125,1,0,0,1,0,0,0,0,1,0.007498043,2.096368587,-85.79189975,47.74037723
Mich02_Mich03_winter_2018_2019,Mich02_Mich03,Mich,GW,wolf,1,0,0,0,Ontario_Michipicoten,winter,winter,0,0,1,0.4,1,0,0,1,0,0,0,1,1,0.009306972,2.775930844,-85.76593253,47.72691583
M1409_M1410_winter_2014_2015,M1409_M1410,Julussa,GW,wolf,1,0,0,0,Norway_Sweden,winter,winter,0,0,1,0.742857143,1,0,0,1,0,0,0,1,1,0.094969143,1.464389112,11.36374181,61.39849066
M1409_M1410_winter_2013_2014,M1409_M1410,Julussa,GW,wolf,1,0,0,0,Norway_Sweden,winter,winter,0,0,1,0.885185185,1,0,0,1,0,0,0,1,1,0.113851451,1.525947941,11.31525734,61.36073785
M0610_M0611_winter_2005_2006,M0610_M0611,Grasmark,GW,wolf,1,0,0,0,Norway_Sweden,winter,winter,0,0,1,0.725911827,1,0,0,1,0,0,0,1,1,0.143765635,1.721688993,12.43854485,60.29987252
M0109_M0110_winter_2003_2004,M0109_M0110,Grafjell,GW,wolf,1,0,0,0,Norway_Sweden,winter,winter,0,0,1,0.522678186,1,0,0,1,0,0,0,1,1,0.11932841,1.813114279,11.44178259,61.3373352
M0109_M0110_winter_2002_2003,M0109_M0110,Grafjell,GW,wolf,1,0,0,0,Norway_Sweden,winter,winter,0,0,1,0.762208068,1,0,0,1,0,0,0,1,1,0.106602484,1.907838473,11.39471265,61.36090149
M1109_M1110_winter_2010_2011,M1109_M1110,Rotna,GW,wolf,1,0,0,0,Norway_Sweden,winter,winter,0,0,1,0.89010989,1,0,0,1,0,0,0,1,1,0.125683567,1.971520325,12.43693334,60.5190757
rw11357F_rw11421M_winter_2008_2009,rw11357F_rw11421M,Milltail,RW,wolf,0,0,1,0,NorthCarolina_AlligatorNWR,winter,winter,0,0,1,0.31496063,1,0,0,1,0,1,1,0,1,0.207632003,2.212723617,-75.8852017,35.8559625
rw11458M_rw11630F_winter_2010_2011,rw11458M_rw11630F,Columbia,RW,wolf,0,0,1,0,NorthCarolina_AlligatorNWR,winter,winter,0,0,1,0.169606801,1,0,0,1,0,1,1,0,1,0.412753776,2.745203369,-76.24111437,35.93066154
rw11458M_rw11630F_winter_2009_2010,rw11458M_rw11630F,Columbia,RW,wolf,0,0,1,0,NorthCarolina_AlligatorNWR,winter,winter,0,0,1,0.604,1,0,0,1,0,1,1,0,1,0.407771364,2.782823542,-76.24930626,35.95049225
W602_W603_winter_2015_2016,W602_W603,Pine Point,GW,wolf,1,0,0,0,NWT_GreatSlaveLake,winter,winter,0,0,1,0.504823151,1,0,0,1,0,1,1,1,1,0.00777844,2.790344486,-114.2685732,60.87407428
ER_W_42_ER_W_49_winter_2018_2019,ER_W_42_ER_W_49,Frenchman,GW,wolf,1,0,0,0,Manitoba_E_Winnipeg,winter,winter,0,0,1,0.858823529,1,0,0,1,0,1,1,1,1,0.001945172,2.282565887,-95.54098395,50.71902851
ER_W_45_ER_W_51_winter_2018_2019,ER_W_45_ER_W_51,Sandy,GW,wolf,1,0,0,0,Manitoba_E_Winnipeg,winter,winter,0,0,1,0.665975104,1,0,0,1,0,1,1,1,1,0.005544254,2.450185483,-96.27181654,50.96871968
BW1726_BW1728_winter_2017_2018,BW1726_BW1728,Hay Creek,EW,wolf,0,1,0,0,Ontario_Algonquin_Kawartha,winter,winter,0,0,1,0.584071088,1,0,0,1,0,0,1,1,1,0.030436941,1.694791224,-78.30114638,45.42699025
w11_w16_winter_2013_2014,w11_w16,amyot,GW,wolf,1,0,0,0,Sasketchewan_Prince_Albert,winter,winter,0,0,1,0.840098677,1,0,0,1,0,0,1,0,1,0.001723332,2.094565648,-106.6186497,53.73157916
w11_w16_winter_2014_2015,w11_w16,amyot,GW,wolf,1,0,0,0,Sasketchewan_Prince_Albert,winter,winter,0,0,1,0.749282297,1,0,0,1,0,0,1,0,1,3.79E-05,2.09849032,-106.6098786,53.70784671
w11_w16_winter_2010_2011,w11_w16,amyot,GW,wolf,1,0,0,0,Sasketchewan_Prince_Albert,winter,winter,0,0,1,0.24692623,1,0,0,1,0,0,1,0,1,0.010211547,2.472627481,-106.6008891,53.65297467
w11_w16_winter_2011_2012,w11_w16,amyot,GW,wolf,1,0,0,0,Sasketchewan_Prince_Albert,winter,winter,0,0,1,0.151476524,1,0,0,1,0,0,1,0,1,0.005613357,2.616785047,-106.6235253,53.68341499
w11_w16_winter_2012_2013,w11_w16,amyot,GW,wolf,1,0,0,0,Sasketchewan_Prince_Albert,winter,winter,0,0,1,0.27905992,1,0,0,1,0,0,1,0,1,0.013499436,2.621822732,-106.6531638,53.70153743
KH1_KH3_winter_2008_2009,KH1_KH3,Gold,EW,wolf,0,1,0,0,Ontario_Algonquin_Kawartha,winter,winter,0,0,1,0.708253269,1,0,0,1,0,1,1,1,1,0.073454962,1.638743627,-78.28600879,44.82075365
KH1_KH3_winter_2009_2010,KH1_KH3,Gold,EW,wolf,0,1,0,0,Ontario_Algonquin_Kawartha,winter,winter,0,0,1,0.549623929,1,0,0,1,0,1,1,1,1,0.076327853,1.867821081,-78.27616588,44.80193473
W1240_W1278_winter_2015_2016,W1240_W1278,Iron Creek,GW,wolf,1,0,0,0,Arizona_NewMexico,winter,winter,0,0,1,0.977707853,1,0,0,1,0,0,1,1,0,0.039059599,2.224102344,-108.5894196,33.43685316
W1550_W1571_winter_2018_2019,W1550_W1571,Sierra Blanca,GW,wolf,1,0,0,0,Arizona_NewMexico,winter,winter,0,0,1,0.99,1,0,0,1,0,0,1,1,0,0.045748933,2.30177298,-109.2466329,33.85493581
W1296_W1439_winter_2017_2018,W1296_W1439,Mangas,GW,wolf,1,0,0,0,Arizona_NewMexico,winter,winter,0,0,1,0.865,1,0,0,1,0,0,1,1,0,0.034850635,2.520734949,-108.850605,33.96893339
W1567_W1441_winter_2017_2018,W1567_W1441,Saffel,GW,wolf,1,0,0,0,Arizona_NewMexico,winter,winter,0,0,1,0.8,1,0,0,1,0,0,1,1,0,0.043248488,2.626293175,-109.4027766,34.00974951
W1453_W1685_winter_2018_2019,W1453_W1685,Datil Mountain,GW,wolf,1,0,0,0,Arizona_NewMexico,winter,winter,0,0,1,0.99,1,0,0,1,0,0,1,1,0,0.035753744,2.747784572,-107.9891253,34.22461475
F23_M26_winter_2009_2010,F23_M26,Canneto,GW,wolf,1,0,0,0,Italy,winter,winter,0,0,1,0.698626438,1,0,0,1,0,0,1,0,0,0.225177336,1.781074653,13.90714334,41.74574201
JSW1805_JSW1804_winter_2017_2018,JSW1805_JSW1804,Kandik,GW,wolf,1,0,0,0,Alaska_Yukon_Charley,winter,winter,0,0,1,0.744363048,1,0,0,1,0,1,1,1,1,7.90E-06,1.788342711,-142.0538465,65.50495978
JSW1706_JSW1705_winter_2017_2018,JSW1706_JSW1705,Independence,GW,wolf,1,0,0,0,Alaska_Yukon_Charley,winter,winter,0,0,1,0.788908766,1,0,0,1,0,1,1,1,1,1.44E-05,1.862546904,-141.6732241,65.2243523
JSW1706_JSW1705_winter_2016_2017,JSW1706_JSW1705,Independence,GW,wolf,1,0,0,0,Alaska_Yukon_Charley,winter,winter,0,0,1,0.698630137,1,0,0,1,0,1,1,1,1,1.97E-05,1.909190954,-141.6987266,65.26129426
M0904_M0906_winter_2008_2009,M0904_M0906,Fulufjellet,GW,wolf,1,0,0,0,Norway_Sweden,winter,winter,0,0,1,0.845619767,1,0,0,1,0,0,1,1,1,0.077700911,1.565520589,13.08499736,61.42637831
M0904_M0906_winter_2009_2010,M0904_M0906,Fulufjellet,GW,wolf,1,0,0,0,Norway_Sweden,winter,winter,0,0,1,0.736111111,1,0,0,1,0,0,1,1,1,0.059220326,1.680254926,12.98576363,61.47466524
Mich02_Mich03_rend_2015,Mich02_Mich03,Mich,GW,wolf,1,0,0,0,Ontario_Michipicoten,rend,nw,0,1,0,0.617021277,1,0,0,1,0,0,0,0,1,0.001815992,1.95947423,-85.78931282,47.74803183
Mich02_Mich03_den_2016,Mich02_Mich03,Mich,GW,wolf,1,0,0,0,Ontario_Michipicoten,den,nw,1,0,0,0.69140625,1,0,0,1,0,0,0,0,1,0.000305683,2.015039196,-85.80156582,47.74733125
Mich02_Mich03_rend_2016,Mich02_Mich03,Mich,GW,wolf,1,0,0,0,Ontario_Michipicoten,rend,nw,0,1,0,0.613321399,1,0,0,1,0,0,0,0,1,0.004274169,2.122358927,-85.79891587,47.7436682
M1409_M1410_rend_2014,M1409_M1410,Julussa,GW,wolf,1,0,0,0,Norway_Sweden,rend,nw,0,1,0,0.524590164,1,0,0,1,0,0,0,1,1,0.091197704,1.499170105,11.29841432,61.39464569
M1409_M1410_den_2014,M1409_M1410,Julussa,GW,wolf,1,0,0,0,Norway_Sweden,den,nw,1,0,0,0.449511401,1,0,0,1,0,0,0,1,1,0.079969757,1.602732495,11.30675708,61.40450224
M0610_M0611_rend_2006,M0610_M0611,Grasmark,GW,wolf,1,0,0,0,Norway_Sweden,rend,nw,0,1,0,0.427095496,1,0,0,1,0,0,0,1,1,0.126184951,1.682604689,12.50340316,60.32000511
M0109_M0110_den_2003,M0109_M0110,Grafjell,GW,wolf,1,0,0,0,Norway_Sweden,den,nw,1,0,0,0.4,1,0,0,1,0,0,0,1,1,0.09993635,1.712674878,11.38609612,61.40541613
M0610_M0611_den_2006,M0610_M0611,Grasmark,GW,wolf,1,0,0,0,Norway_Sweden,den,nw,1,0,0,0.389812691,1,0,0,1,0,0,0,1,1,0.096167341,1.717563356,12.61205946,60.29254347
M1109_M1110_den_2011,M1109_M1110,Rotna,GW,wolf,1,0,0,0,Norway_Sweden,den,nw,1,0,0,0.506849315,1,0,0,1,0,0,0,1,1,0.113422848,1.820306933,12.48405715,60.52527023
M0109_M0110_rend_2003,M0109_M0110,Grafjell,GW,wolf,1,0,0,0,Norway_Sweden,rend,nw,0,1,0,0.373401535,1,0,0,1,0,0,0,1,1,0.102360289,1.943333775,11.44117427,61.39425125
rw11357F_rw11421M_den_2009,rw11357F_rw11421M,Milltail,RW,wolf,0,0,1,0,NorthCarolina_AlligatorNWR,den,nw,1,0,0,0.272727273,1,0,0,1,0,1,1,0,1,0.265808553,2.205269475,-75.88117991,35.85272418
rw11458M_rw11630F_rend_2010,rw11458M_rw11630F,Columbia,RW,wolf,0,0,1,0,NorthCarolina_AlligatorNWR,rend,nw,0,1,0,0.219336743,1,0,0,1,0,1,1,0,1,0.420691356,2.782482029,-76.24325444,35.94999251
rw11458M_rw11630F_den_2010,rw11458M_rw11630F,Columbia,RW,wolf,0,0,1,0,NorthCarolina_AlligatorNWR,den,nw,1,0,0,0.267368095,1,0,0,1,0,1,1,0,1,0.422533506,2.878016302,-76.24549085,35.95503244
ER_W_45_ER_W_51_rend_2019,ER_W_45_ER_W_51,Sandy,GW,wolf,1,0,0,0,Manitoba_E_Winnipeg,rend,nw,0,1,0,0.162790698,1,0,0,1,0,1,1,1,1,0.007628561,2.143863633,-96.26456368,50.99886415
ER_W_45_ER_W_51_den_2019,ER_W_45_ER_W_51,Sandy,GW,wolf,1,0,0,0,Manitoba_E_Winnipeg,den,nw,1,0,0,0.434250765,1,0,0,1,0,1,1,1,1,0.006513507,2.31620156,-96.26721615,50.9801992
BW1726_BW1728_rend_2017,BW1726_BW1728,Hay Creek,EW,wolf,0,1,0,0,Ontario_Algonquin_Kawartha,rend,nw,0,1,0,0.095233896,1,0,0,1,0,0,1,1,1,0.031267315,1.646983157,-78.30080465,45.43361854
BW1208_BW1405_den_2015,BW1208_BW1405,Iron Creek West,GW,wolf,1,0,0,0,Alaska_Denali,den,nw,1,0,0,0.428571429,1,0,0,1,0,0,1,1,1,0,1.557873588,-151.3301747,63.22909196
BW1208_BW1405_rend_2015,BW1208_BW1405,Iron Creek West,GW,wolf,1,0,0,0,Alaska_Denali,rend,nw,0,1,0,0.613636364,1,0,0,1,0,0,1,1,1,0,1.65534488,-151.4001044,63.23311193
BW1404_BW1501_den_2016,BW1404_BW1501,Grant Creek,GW,wolf,1,0,0,0,Alaska_Denali,den,nw,1,0,0,0.214285714,1,0,0,1,0,0,1,1,1,0.002381526,1.717280826,-149.7458174,63.44523464
BW1404_BW1501_rend_2015,BW1404_BW1501,Grant Creek,GW,wolf,1,0,0,0,Alaska_Denali,rend,nw,0,1,0,0.880252101,1,0,0,1,0,0,1,1,1,0.000382783,1.793152562,-149.4555844,63.38631341
BW1302_BW1707_rend_2017,BW1302_BW1707,John Hansen,GW,wolf,1,0,0,0,Alaska_Denali,rend,nw,0,1,0,0.653846154,1,0,0,1,0,0,1,1,1,0.000712049,1.793420512,-152.1864929,63.70093662
BW1202_BW1406_den_2016,BW1202_BW1406,Riley Creek,GW,wolf,1,0,0,0,Alaska_Denali,den,nw,1,0,0,0.513513514,1,0,0,1,0,0,1,1,1,0.001586652,1.825231561,-149.3930761,63.63516026
BW1404_BW1501_rend_2016,BW1404_BW1501,Grant Creek,GW,wolf,1,0,0,0,Alaska_Denali,rend,nw,0,1,0,0.564516129,1,0,0,1,0,0,1,1,1,0.002008528,1.874142879,-149.7587376,63.53187974
BW1503_BW1504_rend_2016,BW1503_BW1504,Myrtle,GW,wolf,1,0,0,0,Alaska_Denali,rend,nw,0,1,0,0.552631579,1,0,0,1,0,0,1,1,1,0.000981193,1.894998945,-150.7059848,63.53459084
BW1202_BW1406_rend_2015,BW1202_BW1406,Riley Creek,GW,wolf,1,0,0,0,Alaska_Denali,rend,nw,0,1,0,0.598214286,1,0,0,1,0,0,1,1,1,0.00264605,1.919409339,-149.2162651,63.65693778
BW1202_BW1406_rend_2016,BW1202_BW1406,Riley Creek,GW,wolf,1,0,0,0,Alaska_Denali,rend,nw,0,1,0,0.645454545,1,0,0,1,0,0,1,1,1,0.003802424,1.989163109,-149.2774128,63.66987794
BW1202_BW1406_den_2015,BW1202_BW1406,Riley Creek,GW,wolf,1,0,0,0,Alaska_Denali,den,nw,1,0,0,0.323529412,1,0,0,1,0,0,1,1,1,0.008272454,2.209349725,-149.1329019,63.68512169
w11_w16_den_2011,w11_w16,amyot,GW,wolf,1,0,0,0,Sasketchewan_Prince_Albert,den,nw,1,0,0,0.329066265,1,0,0,1,0,0,1,0,1,0.004290325,2.170783664,-106.5926541,53.65503571
w11_w16_den_2012,w11_w16,amyot,GW,wolf,1,0,0,0,Sasketchewan_Prince_Albert,den,nw,1,0,0,0.208809135,1,0,0,1,0,0,1,0,1,0.001801109,2.416042128,-106.6202814,53.6906097
w11_w16_den_2013,w11_w16,amyot,GW,wolf,1,0,0,0,Sasketchewan_Prince_Albert,den,nw,1,0,0,0.510479042,1,0,0,1,0,0,1,0,1,0.002024829,2.423143074,-106.6204361,53.70058852
w11_w16_rend_2011,w11_w16,amyot,GW,wolf,1,0,0,0,Sasketchewan_Prince_Albert,rend,nw,0,1,0,0.098549647,1,0,0,1,0,0,1,0,1,0.034079212,2.459228397,-106.6171993,53.65738245
w11_w16_rend_2012,w11_w16,amyot,GW,wolf,1,0,0,0,Sasketchewan_Prince_Albert,rend,nw,0,1,0,0.08,1,0,0,1,0,0,1,0,1,0.029221644,2.615725143,-106.6367951,53.67376403
w11_w16_rend_2013,w11_w16,amyot,GW,wolf,1,0,0,0,Sasketchewan_Prince_Albert,rend,nw,0,1,0,0.413422321,1,0,0,1,0,0,1,0,1,0.012014222,2.631878533,-106.638615,53.69201651
KH1_KH3_rend_2009,KH1_KH3,Gold,EW,wolf,0,1,0,0,Ontario_Algonquin_Kawartha,rend,nw,0,1,0,0.224846748,1,0,0,1,0,1,1,1,1,0.073191011,1.759764329,-78.28323904,44.814338
KH1_KH3_den_2009,KH1_KH3,Gold,EW,wolf,0,1,0,0,Ontario_Algonquin_Kawartha,den,nw,1,0,0,0.386463311,1,0,0,1,0,1,1,1,1,0.071253534,1.768662748,-78.27888515,44.81905461
W1296_W1439_rend_2017,W1296_W1439,Mangas,GW,wolf,1,0,0,0,Arizona_NewMexico,rend,nw,0,1,0,0.724074665,1,0,0,1,0,0,1,1,0,0.03167561,2.227041993,-108.8531242,34.02023477
W1240_W1278_den_2016,W1240_W1278,Iron Creek,GW,wolf,1,0,0,0,Arizona_NewMexico,den,nw,1,0,0,0.844048262,1,0,0,1,0,0,1,1,0,0.04118467,2.316642696,-108.6276363,33.44257155
W1240_W1278_rend_2016,W1240_W1278,Iron Creek,GW,wolf,1,0,0,0,Arizona_NewMexico,rend,nw,0,1,0,0.616666667,1,0,0,1,0,0,1,1,0,0.043548212,2.459950534,-108.6078129,33.43873651
W1550_W1571_rend_2018,W1550_W1571,Sierra Blanca,GW,wolf,1,0,0,0,Arizona_NewMexico,rend,nw,0,1,0,0.942028986,1,0,0,1,0,0,1,1,0,0.054908575,2.582981295,-109.2160104,33.87968594
W1453_W1685_rend_2018,W1453_W1685,Datil Mountain,GW,wolf,1,0,0,0,Arizona_NewMexico,rend,nw,0,1,0,0.852941176,1,0,0,1,0,0,1,1,0,0.036277893,3.033713938,-107.98684,34.2040699
F23_M26_den_2010,F23_M26,Canneto,GW,wolf,1,0,0,0,Italy,den,nw,1,0,0,0.69858156,1,0,0,1,0,0,1,0,0,0.182004219,1.859863115,13.8892553,41.75314483
JSW1706_JSW1705_rend_2017,JSW1706_JSW1705,Independence,GW,wolf,1,0,0,0,Alaska_Yukon_Charley,rend,nw,0,1,0,0.451038576,1,0,0,1,0,1,1,1,1,1.99E-05,1.977232483,-141.6591007,65.26390778
JSW1706_JSW1705_den_2017,JSW1706_JSW1705,Independence,GW,wolf,1,0,0,0,Alaska_Yukon_Charley,den,nw,1,0,0,0.3,1,0,0,1,0,1,1,1,1,1.65E-05,2.08378376,-141.5459992,65.2702067
M0904_M0906_den_2010,M0904_M0906,Fulufjellet,GW,wolf,1,0,0,0,Norway_Sweden,den,nw,1,0,0,0.425925926,1,0,0,1,0,0,1,1,1,0.079800615,1.710503243,12.983773,61.4292045
M0904_M0906_rend_2010,M0904_M0906,Fulufjellet,GW,wolf,1,0,0,0,Norway_Sweden,rend,nw,0,1,0,0.350877193,1,0,0,1,0,0,1,1,1,0.087092465,1.754744204,13.02374302,61.45905851
M0903_M0914_den_2009,M0903_M0914,Galven,GW,wolf,1,0,0,0,Norway_Sweden,den,nw,1,0,0,0.692307692,1,0,0,1,0,0,1,1,1,0.128188686,1.806286636,16.15541008,61.5745606
M0903_M0914_rend_2009,M0903_M0914,Galven,GW,wolf,1,0,0,0,Norway_Sweden,rend,nw,0,1,0,0.405845946,1,0,0,1,0,0,1,1,1,0.144225931,1.925574813,16.11949406,61.55080192
GPW2014_8_GPW2014_9_winter_2014_2015,GPW2014_8_GPW2014_9,GP2,GW,wolf,1,0,0,0,Minnesota_Grand_Portage,winter,winter,0,0,1,0.531484222,0,0,0,1,0,1,1,1,1,0.180890672,2.229010332,-89.62147938,47.99881681
W1790_W1823_winter_2018_2019,W1790_W1823,Prime Canyon,GW,wolf,1,0,0,0,Arizona_NewMexico,winter,winter,0,0,1,0.705882353,0,0,0,1,0,0,1,1,0,0.065478058,2.407675982,-109.186943,33.80896034
W1721_W1821_winter_2018_2019,W1721_W1821,Iron Creek,GW,wolf,1,0,0,0,Arizona_NewMexico,winter,winter,0,0,1,0.45029428,0,0,0,1,0,0,1,1,0,0.02869499,2.530501973,-108.5648986,33.42873792
W1555_W1721_winter_2018_2019,W1555_W1721,Iron Creek,GW,wolf,1,0,0,0,Arizona_NewMexico,winter,winter,0,0,1,0.481751825,0,0,0,1,0,0,1,1,0,0.031177008,2.601885932,-108.5792824,33.43230232
L16_L17_rend_2005,L16_L17,Hupe,GW,wolf,1,0,0,0,Quebec,rend,nw,0,1,0,0.760869565,0,0,0,1,0,1,1,1,1,0.014304192,1.911024479,-71.17331756,47.26609514
M_33_M_34_winter_2012_2013,M_33_M_34,P04,GW,wolf,1,0,0,0,Israel_N,winter,winter,0,0,1,0.277829747,0,0,1,0,1,0,0,0,0,0.382644466,5.169211142,35.17416755,30.6005312
F_08_F_12_winter_2009_2010,F_08_F_12,P01,GW,wolf,1,0,0,0,Israel_S,winter,winter,0,0,1,0.143086817,0,1,0,0,1,0,0,0,0,0.308315154,10.7509673,34.98072445,29.72263388
W32256_W32264_winter_2011_2012,W32256_W32264,North,GW,wolf,1,0,0,0,Alberta_NE,winter,winter,0,0,1,0.689829606,0,1,0,0,1,0,1,1,1,0.067488507,2.044868859,-111.8145198,57.48203945
W32265_W32268_winter_2011_2012,W32265_W32268,Horizon,GW,wolf,1,0,0,0,Alberta_NE,winter,winter,0,0,1,0.570738137,0,0,1,0,1,0,1,1,1,0.295174193,2.122685161,-111.7337097,57.33185454
W32267_W32253_winter_2011_2012,W32267_W32253,South Athabasca,GW,wolf,1,0,0,0,Alberta_NE,winter,winter,0,0,1,0.479498475,0,0,1,0,1,0,1,1,1,0.083556111,2.232459012,-111.6196779,56.65098069
W32263a_W32260_winter_2011_2012,W32263a_W32260,Clearwater,GW,wolf,1,0,0,0,Alberta_NE,winter,winter,0,0,1,0.337703963,0,1,0,0,1,0,1,1,1,0.143654514,2.310285866,-111.1858649,56.74396215
L03_L10_winter_2004_2005,L03_L10,malbaie,GW,wolf,1,0,0,0,Quebec,winter,winter,0,0,1,0.871602624,0,1,0,0,1,1,1,1,1,0.016118736,1.639862814,-71.18568655,47.71366357
L16_L18_winter_2005_2006,L16_L18,Hupe,GW,wolf,1,0,0,0,Quebec,winter,winter,0,0,1,0.830729167,0,0,1,0,1,1,1,1,1,0.045839089,1.914469394,-71.25252174,47.20799222
GPW2013_7_GPW2013_8_winter_2013_2014,GPW2013_7_GPW2013_8,GP1,GW,wolf,1,0,0,0,Minnesota_Grand_Portage,winter,winter,0,0,1,0.291059735,0,0,1,0,1,1,1,1,1,0.079357914,2.206877152,-89.75962654,47.92699495
BW1609_BPW1707_winter_2016_2017,BW1609_BW1707,Cauliflower,GW,wolf,1,0,0,0,Ontario_Algonquin_Kawartha,winter,winter,0,0,1,0.458244111,0,0,1,0,1,0,1,0,1,0.058803548,1.999927026,-78.15142017,45.29393974
BW1613_BW1615_winter_2016_2017,BW1613_BW1615,Billings,EW,wolf,0,1,0,0,Ontario_Algonquin_Kawartha,winter,winter,0,0,1,0.657309298,0,0,1,0,1,0,1,0,1,0.072952595,2.070123396,-78.13376597,45.1999313
W962_W977_winter_2017_2018,W962_W977,Spread Eagle Barrens,GW,wolf,1,0,0,0,Wisconsin_NE,winter,winter,0,0,1,0.576086957,0,0,1,0,1,1,1,0,1,0.229649436,2.130445105,-88.17046598,45.83475083
W962_W977_winter_2018_2019,W962_W977,Spread Eagle Barrens,GW,wolf,1,0,0,0,Wisconsin_NE,winter,winter,0,0,1,0.325581395,0,0,1,0,1,1,1,0,1,0.202205585,2.440970382,-88.17827053,45.84473334
w25_w37_winter_2014_2015,w25_w37,nesslin,GW,wolf,1,0,0,0,Sasketchewan_Prince_Albert,winter,winter,0,0,1,0.587905935,0,1,0,0,1,0,1,0,1,0.006433355,2.041313439,-106.7202502,53.9505426
w26_w27_winter_2013_2014,w26_w27,nesslin,GW,wolf,1,0,0,0,Sasketchewan_Prince_Albert,winter,winter,0,0,1,0.437407224,0,0,1,0,1,0,1,0,1,0.007202389,2.709272736,-106.7203749,53.92491319
BW035_BW036_winter_2014_2015,BW035_BW036,Fortune,GW,wolf,1,0,0,0,British_Columbia_N,winter,winter,0,0,1,0.529801325,0,0,1,0,1,0,1,1,0,0.000170629,2.161162991,-122.3059808,59.6918231
BW024_BW025_winter_2013_2014,BW024_BW025,Kwokullie,GW,wolf,1,0,0,0,British_Columbia_N,winter,winter,0,0,1,0.171974522,0,0,1,0,1,0,1,1,0,0.012963336,2.291511291,-120.9006337,59.45389377
BW008_BW014_winter_2013_2014,BW008_BW014,Tsimeh,GW,wolf,1,0,0,0,British_Columbia_N,winter,winter,0,0,1,0.818181818,0,0,1,0,1,0,1,1,0,0.006279341,2.43992061,-122.8385196,59.04950323
BW039_BW040_winter_2014_2015,BW039_BW040,Elleh,GW,wolf,1,0,0,0,British_Columbia_N,winter,winter,0,0,1,0.429078014,0,0,1,0,1,0,1,1,0,0.008918343,2.495451046,-121.8918034,58.58710966
BW030_BW031_winter_2013_2014,BW030_BW031,Clarke,GW,wolf,1,0,0,0,British_Columbia_N,winter,winter,0,0,1,0.824561404,0,1,0,0,1,0,1,1,0,0.000490461,2.536737462,-122.2313147,58.63091573
BW039_BW040_winter_2015_2016,BW039_BW040,Elleh,GW,wolf,1,0,0,0,British_Columbia_N,winter,winter,0,0,1,0.647180193,0,0,1,0,1,0,1,1,0,0.008377239,2.562148641,-121.9045133,58.59419408
W27_W87_winter_2009_2010,W27_W87,Esnagami,GW,wolf,1,0,0,0,Ontario_N,winter,winter,0,0,1,0.54543234,0,0,1,0,1,0,1,1,1,0.011799253,1.811840033,-86.9844403,50.26286506
w140014_w140015_winter_2014_2015,w140014_w140015,Southend,GW,wolf,1,0,0,0,Sasketchewan_N,winter,winter,0,0,1,0.725826193,0,1,0,0,1,0,1,0,1,0.000667097,2.198206239,-103.6366568,56.50893674
w140014_w140015_winter_2013_2014,w140014_w140015,Southend,GW,wolf,1,0,0,0,Sasketchewan_N,winter,winter,0,0,1,0.897086502,0,1,0,0,1,0,1,0,1,0.000177084,2.243257046,-103.3628382,56.62764558
w140020_w140021_winter_2014_2015,w140020_w140021,Geikie,GW,wolf,1,0,0,0,Sasketchewan_N,winter,winter,0,0,1,0.880434783,0,0,1,0,1,0,1,0,1,0,2.931134794,-104.5496221,57.26760733
W22760_W22761_winter_2016_2017,W22760_W22761,Chernobyl2,GW,wolf,1,0,0,0,Chernobyl,winter,winter,0,0,1,0.121860824,0,1,0,0,1,0,1,1,1,0.406468594,2.285514351,29.91764344,51.56684691
JSW1806_JSW1807_winter_2017_2018,JSW1806_JSW1807,Essie Creek,GW,wolf,1,0,0,0,Alaska_Yukon_Charley,winter,winter,0,0,1,0.627027027,0,1,0,0,1,1,1,0,1,2.36E-06,1.731334746,-143.4120448,64.87317447
JSW193_JSW195_winter_2004_2005,JSW193_JSW195,Fisher Creek,GW,wolf,1,0,0,0,Alaska_Yukon_Charley,winter,winter,0,0,1,0.288461538,0,0,1,0,1,1,1,1,1,1.75E-06,2.050638807,-142.4013937,65.14457451
JSW193_JSW195_winter_2003_2004,JSW193_JSW195,Fisher Creek,GW,wolf,1,0,0,0,Alaska_Yukon_Charley,winter,winter,0,0,1,0.40625,0,0,1,0,1,1,1,1,1,8.19E-06,2.489347628,-142.5644898,65.18959149
W025_W026_winter_2008_2009,W025_W026,onion,GW,wolf,1,0,0,0,British_Columbia_E,winter,winter,0,0,1,0.636363636,0,0,1,0,1,1,1,1,1,0.022564032,1.457360253,-120.9582749,54.79544969
W016_W024_winter_2008_2009,W016_W024,chain,GW,wolf,1,0,0,0,British_Columbia_E,winter,winter,0,0,1,0.611455207,0,0,1,0,1,1,1,1,1,0.034260226,1.739572258,-120.2762383,55.06920061
N211_N212_winter_2003_2004,N211_N212,Brazeau,GW,wolf,1,0,0,0,Alberta_W_above,winter,winter,0,0,1,0.367184131,0,1,0,0,1,0,1,1,1,0.027245579,1.838791361,-116.8655928,52.63830483
K019_K021_winter_2000_2001,K019_K021,Cutbank,GW,wolf,1,0,0,0,Alberta_W_above,winter,winter,0,0,1,0.821782178,0,1,0,0,1,1,1,1,1,0.089462728,1.90296232,-119.1213078,54.4154676
M_33_M_34_rend_2013,M_33_M_34,P04,GW,wolf,1,0,0,0,Israel_N,rend,nw,0,1,0,0.166016472,0,0,1,0,1,0,0,0,0,0.399759192,5.200616543,35.18470375,30.60768124
W32256_W32264_den_2012,W32256_W32264,North,GW,wolf,1,0,0,0,Alberta_NE,den,nw,1,0,0,0.439564622,0,1,0,0,1,0,1,1,1,0.068061466,1.945762367,-111.8197589,57.48327528
W32256_W32264_rend_2012,W32256_W32264,North,GW,wolf,1,0,0,0,Alberta_NE,rend,nw,0,1,0,0.471971398,0,1,0,0,1,0,1,1,1,0.069824122,2.108962381,-111.8266217,57.48321487
W32263a_W32260_den_2012,W32263a_W32260,Clearwater,GW,wolf,1,0,0,0,Alberta_NE,den,nw,1,0,0,0.169230769,0,1,0,0,1,0,1,1,1,0.128444471,2.211086226,-111.1464682,56.72425415
L03_L10_den_2005,L03_L10,malbaie,GW,wolf,1,0,0,0,Quebec,den,nw,1,0,0,0.733627667,0,1,0,0,1,1,1,1,1,0.024761554,1.664062856,-71.16331899,47.63910505
L03_L10_rend_2005,L03_L10,malbaie,GW,wolf,1,0,0,0,Quebec,rend,nw,0,1,0,0.39211391,0,1,0,0,1,1,1,1,1,0.041167793,1.76817513,-71.19712737,47.66397045
W962_W977_den_2018,W962_W977,Spread Eagle Barrens,GW,wolf,1,0,0,0,Wisconsin_NE,den,nw,1,0,0,0.515151515,0,0,1,0,1,1,1,0,1,0.213649612,2.201348921,-88.17383393,45.82934703
W962_W977_rend_2018,W962_W977,Spread Eagle Barrens,GW,wolf,1,0,0,0,Wisconsin_NE,rend,nw,0,1,0,0.394736842,0,0,1,0,1,1,1,0,1,0.22230864,2.507537505,-88.16579455,45.84348716
BW008_BW014_den_2013,BW008_BW014,Tsimeh,GW,wolf,1,0,0,0,British_Columbia_N,den,nw,1,0,0,0.308665479,0,0,1,0,1,0,1,1,0,0.004876735,1.932610804,-122.8147192,59.02746503
BW008_BW014_rend_2013,BW008_BW014,Tsimeh,GW,wolf,1,0,0,0,British_Columbia_N,rend,nw,0,1,0,0.315082406,0,0,1,0,1,0,1,1,0,0.005372486,2.262633284,-122.8985643,59.06266555
BW024_BW025_den_2014,BW024_BW025,Kwokullie,GW,wolf,1,0,0,0,British_Columbia_N,den,nw,1,0,0,0.172578348,0,0,1,0,1,0,1,1,0,0.012187977,2.288508679,-120.9428182,59.44596582
BW039_BW040_den_2015,BW039_BW040,Elleh,GW,wolf,1,0,0,0,British_Columbia_N,den,nw,1,0,0,0.325801548,0,0,1,0,1,0,1,1,0,0.006665644,2.424936477,-121.9254935,58.60906996
BW035_BW036_den_2015,BW035_BW036,Fortune,GW,wolf,1,0,0,0,British_Columbia_N,den,nw,1,0,0,0.266099227,0,0,1,0,1,0,1,1,0,0.000337472,2.427556886,-122.4140874,59.72327356
BW039_BW040_rend_2015,BW039_BW040,Elleh,GW,wolf,1,0,0,0,British_Columbia_N,rend,nw,0,1,0,0.329171309,0,0,1,0,1,0,1,1,0,0.013739666,2.435930896,-121.9363582,58.56839248
BW024_BW025_rend_2014,BW024_BW025,Kwokullie,GW,wolf,1,0,0,0,British_Columbia_N,rend,nw,0,1,0,0.10078011,0,0,1,0,1,0,1,1,0,0.004579612,2.437797053,-120.9900753,59.43748139
BW030_BW031_den_2014,BW030_BW031,Clarke,GW,wolf,1,0,0,0,British_Columbia_N,den,nw,1,0,0,0.357142857,0,1,0,0,1,0,1,1,0,0.00034639,2.57041649,-122.3229558,58.68330632
BW008_BW014_den_2014,BW008_BW014,Tsimeh,GW,wolf,1,0,0,0,British_Columbia_N,den,nw,1,0,0,0.325767182,0,0,1,0,1,0,1,1,0,0.009710166,2.585341028,-122.7689971,59.02648465
BW039_BW040_den_2016,BW039_BW040,Elleh,GW,wolf,1,0,0,0,British_Columbia_N,den,nw,1,0,0,0.191142191,0,0,1,0,1,0,1,1,0,0.025719609,2.726442604,-121.8387442,58.60634413
BW039_BW040_rend_2016,BW039_BW040,Elleh,GW,wolf,1,0,0,0,British_Columbia_N,rend,nw,0,1,0,0.47539834,0,0,1,0,1,0,1,1,0,0.011143855,2.856007626,-121.9593159,58.59793086
w140020_w140021_rend_2015,w140020_w140021,Geikie,GW,wolf,1,0,0,0,Sasketchewan_N,rend,nw,0,1,0,0.086538462,0,0,1,0,1,0,1,0,1,0,1.927146561,-104.6772602,57.55908831
w140014_w140015_rend_2014,w140014_w140015,Southend,GW,wolf,1,0,0,0,Sasketchewan_N,rend,nw,0,1,0,0.205585543,0,1,0,0,1,0,1,0,1,0.000732693,2.056055113,-103.755942,56.46463054
w140014_w140015_den_2014,w140014_w140015,Southend,GW,wolf,1,0,0,0,Sasketchewan_N,den,nw,1,0,0,0.189716565,0,1,0,0,1,0,1,0,1,0.001083371,2.065495449,-103.6657109,56.43787744
W1489_W1563_rend_2017,W1489_W1563,Bluestem,GW,wolf,1,0,0,0,Arizona_NewMexico,rend,nw,0,1,0,0.520109332,0,1,0,0,1,0,1,1,0,0.042194571,2.125817482,-109.3355971,33.8267453
BW1201_BW1203_winter_2011_2012,BW1201_BW1203,East Fork,GW,wolf,1,0,0,0,Alaska_Denali,winter,winter,0,0,1,0.947906027,0,0,0,1,0,0,1,1,1,0.026942403,1.738082734,-149.1340249,63.77173517
BW1106_BW1107_winter_2010_2011,BW1106_BW1107,McKinley Slough,GW,wolf,1,0,0,0,Alaska_Denali,winter,winter,0,0,1,0.741463415,0,0,0,1,0,0,1,1,1,0.000713804,1.825085358,-150.3829313,63.63574925
BW1106_BW1107_winter_2011_2012,BW1106_BW1107,McKinley Slough,GW,wolf,1,0,0,0,Alaska_Denali,winter,winter,0,0,1,0.81097561,0,0,0,1,0,0,1,1,1,0.000121716,2.017489193,-149.7682535,63.96179857
Mich07_Mich10_winter_2017_2018,Mich07_Mich10,Mich,GW,wolf,1,0,0,0,Ontario_Michipicoten,winter,winter,0,0,1,0.714285714,0,0,0,1,0,0,0,0,1,0.010045636,1.861196285,-85.80574283,47.7329305
Mich08_Mich12_winter_2017_2018,Mich08_Mich12,Mich,GW,wolf,1,0,0,0,Ontario_Michipicoten,winter,winter,0,0,1,0.714285714,0,0,0,1,0,0,0,0,1,0.007604271,1.917216171,-85.75728925,47.74059718
Mich08_Mich11_winter_2017_2018,Mich08_Mich11,Mich,GW,wolf,1,0,0,0,Ontario_Michipicoten,winter,winter,0,0,1,0.692307692,0,0,0,1,0,0,0,0,1,0.009289847,1.932088076,-85.78116219,47.73219446
Mich07_Mich12_winter_2017_2018,Mich07_Mich12,Mich,GW,wolf,1,0,0,0,Ontario_Michipicoten,winter,winter,0,0,1,0.460992908,0,0,0,1,0,0,0,0,1,0.008755711,1.968644709,-85.79028993,47.73683416
Mich07_Mich11_winter_2017_2018,Mich07_Mich11,Mich,GW,wolf,1,0,0,0,Ontario_Michipicoten,winter,winter,0,0,1,0.486666667,0,0,0,1,0,0,0,0,1,0.007849652,1.971547924,-85.79336388,47.73658164
Mich05_Mich06_winter_2016_2017,Mich05_Mich06,Mich,GW,wolf,1,0,0,0,Ontario_Michipicoten,winter,winter,0,0,1,0.243250589,0,0,0,1,0,0,0,0,1,0.00582432,2.113225894,-85.79041755,47.74035008
Mich07_Mich11_winter_2018_2019,Mich07_Mich11,Mich,GW,wolf,1,0,0,0,Ontario_Michipicoten,winter,winter,0,0,1,0.364864865,0,0,0,1,0,0,0,1,1,0.012102628,2.667405126,-85.78375077,47.72528639
M1407_M1408_winter_2013_2014,M1407_M1408,Julussa,GW,wolf,1,0,0,0,Norway_Sweden,winter,winter,0,0,1,0.338095704,0,0,0,1,0,0,0,1,1,0.098643131,1.477032253,11.30787466,61.36731035
M1406_M1407_winter_2013_2014,M1406_M1407,Julussa,GW,wolf,1,0,0,0,Norway_Sweden,winter,winter,0,0,1,0.259994448,0,0,0,1,0,0,0,1,1,0.108260074,1.487387767,11.33722706,61.34484905
M1108_M1111_winter_2011_2012,M1108_M1111,Rotna,GW,wolf,1,0,0,0,Norway_Sweden,winter,winter,0,0,1,0.192307692,0,0,0,1,0,0,0,1,1,0.122662501,1.668128328,12.45625563,60.53288878
M1108_M1111_winter_2010_2011,M1108_M1111,Rotna,GW,wolf,1,0,0,0,Norway_Sweden,winter,winter,0,0,1,0.13253012,0,0,0,1,0,0,0,1,1,0.123820549,1.969210471,12.44661385,60.52503703
rw11544M_rw11660F_winter_2009_2010,rw11544M_rw11660F,Milltail,RW,wolf,0,0,1,0,NorthCarolina_AlligatorNWR,winter,winter,0,0,1,0.22510488,0,0,0,1,0,1,1,0,1,0.259077977,2.298700057,-75.86713226,35.84812429
rw11660F_rw11661M_winter_2009_2010,rw11660F_rw11661M,Milltail,RW,wolf,0,0,1,0,NorthCarolina_AlligatorNWR,winter,winter,0,0,1,0.272627084,0,0,0,1,0,1,1,0,1,0.281303661,2.299263125,-75.84158272,35.83963626
rw11544M_rw11660F_winter_2008_2009,rw11544M_rw11660F,Milltail,RW,wolf,0,0,1,0,NorthCarolina_AlligatorNWR,winter,winter,0,0,1,0.202472365,0,0,0,1,0,1,1,0,1,0.251148862,2.30694564,-75.85278208,35.84233094
rw11660F_rw11661M_winter_2008_2009,rw11660F_rw11661M,Milltail,RW,wolf,0,0,1,0,NorthCarolina_AlligatorNWR,winter,winter,0,0,1,0.307112731,0,0,0,1,0,1,1,0,1,0.258062728,2.30694564,-75.8359295,35.83881111
rw11766M_rw11768F_winter_2009_2010,rw11766M_rw11768F,Kilkenny,RW,wolf,0,0,1,0,NorthCarolina_AlligatorNWR,winter,winter,0,0,1,0.227712137,0,0,0,1,0,1,1,0,1,0.327996492,2.760320161,-76.2683459,35.65673336
rw11693F_rw11698M_winter_2009_2010,rw11693F_rw11698M,Beechridge,RW,wolf,0,0,1,0,NorthCarolina_AlligatorNWR,winter,winter,0,0,1,0.68570331,0,0,0,1,0,1,1,0,1,0.459745181,3.129911595,-76.6011784,35.58141682
nwtW1902_nwtW1905_winter_2018_2019,nwtW1902_nwtW1905,SRL West,GW,wolf,1,0,0,0,NWT_GreatSlaveLake,winter,winter,0,0,1,0.737114132,0,0,0,1,0,1,1,1,1,5.21E-05,2.526355882,-112.8698127,60.54732729
BW1637_BW1642_winter_2016_2017,BW1637_BW1642,Loontail,EW,wolf,0,1,0,0,Ontario_Algonquin_Kawartha,winter,winter,0,0,1,0.334728033,0,0,0,1,0,0,1,1,1,0.006229937,1.911127064,-78.86400686,45.81863624
wJF495_wAM310_winter_2012_2013,wJF495_wAM310,Honker,GW,wolf,1,0,0,0,Alaska_PrinceOfWalesIsland,winter,winter,0,0,1,0.271186441,0,0,0,1,0,1,1,0,1,0.001593535,1.225212071,-132.9121132,55.82120008
W900_W911_winter_2016_2017,W900_W911,Torch River West,GW,wolf,1,0,0,0,Wisconsin_NW,winter,winter,0,0,1,0.41906462,0,0,0,1,0,1,1,0,1,0.041074572,1.932260259,-90.9043422,46.08441259
W948_W951_winter_2017_2018,W948_W951,Muck Lake,GW,wolf,1,0,0,0,Wisconsin_NW,winter,winter,0,0,1,0.530612245,0,0,0,1,0,1,1,0,1,0.052944466,2.059826251,-91.64267393,46.40470157
W955_W999_winter_2018_2019,W955_W999,Little Moose River,GW,wolf,1,0,0,0,Wisconsin_NW,winter,winter,0,0,1,0.660277609,0,0,0,1,0,1,1,0,1,0.070781605,2.273813542,-91.00590479,46.12074662
BW1006_BW1606_winter_2017_2018,BW1006_BW1606,Bearpaw,GW,wolf,1,0,0,0,Alaska_Denali,winter,winter,0,0,1,0.579545455,0,0,0,1,0,0,1,1,1,0.000139073,1.699084709,-150.8531591,63.97635259
BW1604_BW1802_winter_2017_2018,BW1604_BW1802,Eagle Gorge,GW,wolf,1,0,0,0,Alaska_Denali,winter,winter,0,0,1,0.786821705,0,0,0,1,0,0,1,1,1,0.00176289,1.342236369,-150.636668,63.52931547
W1404_W1443_winter_2015_2016,W1404_W1443,Bluestem,GW,wolf,1,0,0,0,Arizona_NewMexico,winter,winter,0,0,1,0.933388766,0,0,0,1,0,0,1,1,0,0.047062455,1.744727737,-109.2742536,33.83288218
W1404_W1405_winter_2015_2016,W1404_W1405,Buckalou,GW,wolf,1,0,0,0,Arizona_NewMexico,winter,winter,0,0,1,0.975450144,0,0,0,1,0,0,1,1,0,0.051922484,1.908603147,-109.0226379,33.78074862
W1440_W1442_winter_2015_2016,W1440_W1442,Marble,GW,wolf,1,0,0,0,Arizona_NewMexico,winter,winter,0,0,1,0.822905391,0,0,0,1,0,0,1,1,0,0.051436312,2.068183658,-109.4757733,34.06778036
W1441_W1550_winter_2016_2017,W1441_W1550,Hoodoo,GW,wolf,1,0,0,0,Arizona_NewMexico,winter,winter,0,0,1,0.690488173,0,0,0,1,0,0,1,1,0,0.041671537,2.174804806,-109.3105127,33.93998021
W1667_W1682_winter_2017_2018,W1667_W1682,SBP,GW,wolf,1,0,0,0,Arizona_NewMexico,winter,winter,0,0,1,0.75862069,0,0,0,1,0,0,1,1,0,0.037877589,2.334011728,-108.4536866,33.51226596
W1570_W1571_winter_2016_2017,W1570_W1571,Diamond,GW,wolf,1,0,0,0,Arizona_NewMexico,winter,winter,0,0,1,0.623424505,0,0,0,1,0,0,1,1,0,0.034692631,2.393970137,-109.5467107,34.15410916
W1676_W1683_winter_2017_2018,W1676_W1683,Bear Wallow,GW,wolf,1,0,0,0,Arizona_NewMexico,winter,winter,0,0,1,0.175438596,0,0,0,1,0,0,1,1,0,0.045590069,2.490262827,-109.3867317,33.63215412
W1565_W1669_winter_2017_2018,W1565_W1669,Prieto,GW,wolf,1,0,0,0,Arizona_NewMexico,winter,winter,0,0,1,0.675324675,0,0,0,1,0,0,1,1,0,0.036199697,2.502298653,-108.6370022,33.58422885
W1565_W1678_winter_2017_2018,W1565_W1678,Prieto,GW,wolf,1,0,0,0,Arizona_NewMexico,winter,winter,0,0,1,0.785714286,0,0,0,1,0,0,1,1,0,0.036296015,2.504739258,-108.6290524,33.59521034
W1695_W1697_winter_2018_2019,W1695_W1697,Elk Horn,GW,wolf,1,0,0,0,Arizona_NewMexico,winter,winter,0,0,1,0.82278481,0,0,0,1,0,0,1,1,0,0.072313316,2.528104086,-109.116268,33.94052142
W1695_W1696_winter_2018_2019,W1695_W1696,Elk Horn,GW,wolf,1,0,0,0,Arizona_NewMexico,winter,winter,0,0,1,0.136363636,0,0,0,1,0,0,1,1,0,0.064597906,2.535261081,-109.1145573,33.93209004
W1555_W1670_winter_2017_2018,W1555_W1670,Iron Creek,GW,wolf,1,0,0,0,Arizona_NewMexico,winter,winter,0,0,1,0.582887701,0,0,0,1,0,0,1,1,0,0.036946431,2.583871423,-108.590702,33.44336526
W18-Max_W19-Rina_winter_2008_2009,W18-Max_W19-Rina,Risnjak,GW,wolf,1,0,0,0,Croatia_Slovenia,winter,winter,0,0,1,0.931216931,0,0,0,1,0,0,1,1,0,0.294265761,1.592763917,14.69495336,45.3884936
M1402_M1403_winter_2013_2014,M1402_M1403,Tandsjon,GW,wolf,1,0,0,0,Norway_Sweden,winter,winter,0,0,1,0.197183099,0,0,0,1,0,0,1,1,1,0.047554272,1.677900809,14.25315754,61.71744009
M0902_M0901_winter_2008_2009,M0902_M0901,Galven,GW,wolf,1,0,0,0,Norway_Sweden,winter,winter,0,0,1,0.186649384,0,0,0,1,0,0,1,1,1,0.129671612,1.700615998,15.93671762,61.51305404
w81_w82_winter_2003_2004,w81_w82,Red Deer,GW,wolf,1,0,0,0,Alberta_W_YaHaTinda,winter,winter,0,0,1,0.49937578,0,0,0,1,0,1,1,1,1,0.008560105,2.073053199,-115.9312824,51.6223002
LBw7_LBw8_winter_2011_2012,LBw7_LBw8,LBL_pack4,GW,wolf,1,0,0,0,Spain_NW_Santiago,winter,winter,0,0,1,0.068175545,0,0,0,1,0,NA,0,1,0,0.437964575,1.954356741,-9.121770835,43.08223338
Mich07_Mich12_den_2018,Mich07_Mich12,Mich,GW,wolf,1,0,0,0,Ontario_Michipicoten,den,nw,1,0,0,0.388888889,0,0,0,1,0,0,0,0,1,0.002908961,2.013088641,-85.74467125,47.73539233
Mich07_Mich11_den_2018,Mich07_Mich11,Mich,GW,wolf,1,0,0,0,Ontario_Michipicoten,den,nw,1,0,0,0.212765957,0,0,0,1,0,0,0,0,1,0.002446032,2.024299477,-85.75134503,47.74109206
Mich07_Mich11_rend_2018,Mich07_Mich11,Mich,GW,wolf,1,0,0,0,Ontario_Michipicoten,rend,nw,0,1,0,0.052631579,0,0,0,1,0,0,0,0,1,0.004940102,2.5511005,-85.74830398,47.73365314
M1108_M1111_rend_2011,M1108_M1111,Rotna,GW,wolf,1,0,0,0,Norway_Sweden,rend,nw,0,1,0,0.322580645,0,0,0,1,0,0,0,1,1,0.116722422,1.632995665,12.48164,60.52665494
M1108_M1111_den_2011,M1108_M1111,Rotna,GW,wolf,1,0,0,0,Norway_Sweden,den,nw,1,0,0,0.352201258,0,0,0,1,0,0,0,1,1,0.107249545,1.803138328,12.51473416,60.53076207
rw11660F_rw11661M_den_2009,rw11660F_rw11661M,Milltail,RW,wolf,0,0,1,0,NorthCarolina_AlligatorNWR,den,nw,1,0,0,0.212584476,0,0,0,1,0,1,1,0,1,0.280864274,2.183610984,-75.85069684,35.84267039
rw11544M_rw11660F_den_2009,rw11544M_rw11660F,Milltail,RW,wolf,0,0,1,0,NorthCarolina_AlligatorNWR,den,nw,1,0,0,0.232931727,0,0,0,1,0,1,1,0,1,0.254038347,2.188434091,-75.88029204,35.85201262
rw11544M_rw11660F_rend_2009,rw11544M_rw11660F,Milltail,RW,wolf,0,0,1,0,NorthCarolina_AlligatorNWR,rend,nw,0,1,0,0.096926489,0,0,0,1,0,1,1,0,1,0.269068702,2.327307832,-75.86413033,35.84711192
rw11660F_rw11661M_rend_2009,rw11660F_rw11661M,Milltail,RW,wolf,0,0,1,0,NorthCarolina_AlligatorNWR,rend,nw,0,1,0,0.118098987,0,0,0,1,0,1,1,0,1,0.27965878,2.327307832,-75.84340838,35.84152774
rw11693F_rw11698M_den_2010,rw11693F_rw11698M,Beechridge,RW,wolf,0,0,1,0,NorthCarolina_AlligatorNWR,den,nw,1,0,0,0.432068543,0,0,0,1,0,1,1,0,1,0.41526567,3.159639485,-76.5882444,35.58089679
rw11693F_rw11698M_rend_2010,rw11693F_rw11698M,Beechridge,RW,wolf,0,0,1,0,NorthCarolina_AlligatorNWR,rend,nw,0,1,0,0.263603975,0,0,0,1,0,1,1,0,1,0.439292575,3.264216185,-76.61102544,35.59168435
nwtW1902_nwtW1905_den_2019,nwtW1902_nwtW1905,SRL West,GW,wolf,1,0,0,0,NWT_GreatSlaveLake,den,nw,1,0,0,0.309791211,0,0,0,1,0,1,1,1,1,0.000160324,2.299463302,-112.9978052,60.39974446
V046_V034_den_2017,V046_V034,Bowman Bay,GW,wolf,1,0,0,0,Minnesota_Voyageurs,den,nw,1,0,0,0.387096774,0,0,0,1,0,0,1,0,1,0.045781029,2.070854953,-92.9850005,48.40524501
V060_V062_rend_2018,V060_V062,Bowman Bay,GW,wolf,1,0,0,0,Minnesota_Voyageurs,rend,nw,0,1,0,0.272585972,0,0,0,1,0,0,1,0,1,0.133904779,2.505898697,-93.03301626,48.41190828
W900_W911_rend_2016,W900_W911,Torch River West,GW,wolf,1,0,0,0,Wisconsin_NW,rend,nw,0,1,0,0.805042088,0,0,0,1,0,1,1,0,1,0.034106909,1.890879499,-90.91139084,46.0856049
W948_W951_rend_2017,W948_W951,Muck Lake,GW,wolf,1,0,0,0,Wisconsin_NW,rend,nw,0,1,0,0.263157895,0,0,0,1,0,1,1,0,1,0.050090203,2.002746173,-91.62995796,46.40848451
W915_W916_rend_2017,W915_W916,Wildcat Mound,GW,wolf,1,0,0,0,Wisconsin_central,rend,nw,0,1,0,0.159273627,0,0,0,1,0,1,1,0,1,0.077781361,2.091547908,-90.55190609,44.30009492
W1404_W1405_den_2016,W1404_W1405,Buckalou,GW,wolf,1,0,0,0,Arizona_NewMexico,den,nw,1,0,0,0.920855401,0,0,0,1,0,0,1,1,0,0.052390976,1.936679535,-109.0617507,33.81444065
W1441_W1550_rend_2016,W1441_W1550,Hoodoo,GW,wolf,1,0,0,0,Arizona_NewMexico,rend,nw,0,1,0,0.518394649,0,0,0,1,0,0,1,1,0,0.036978378,2.051706587,-109.3042749,33.90774778
W1680_W1792_rend_2018,W1680_W1792,Saffel,GW,wolf,1,0,0,0,Arizona_NewMexico,rend,nw,0,1,0,0.5,0,0,0,1,0,0,1,1,0,0.042365482,2.570256881,-109.3831829,33.9925403
W1550_W1571_den_2018,W1550_W1571,Hoodoo,GW,wolf,1,0,0,0,Arizona_NewMexico,den,nw,1,0,0,0.945945946,0,0,0,1,0,0,1,1,0,0.047669773,2.596834101,-109.2256232,33.88322523
W1676_W1683_den_2018,W1676_W1683,Bear Wallow,GW,wolf,1,0,0,0,Arizona_NewMexico,den,nw,1,0,0,0.818181818,0,0,0,1,0,0,1,1,0,0.04482773,2.658308525,-109.4274616,33.58755553
W1555_W1670_den_2018,W1555_W1670,Iron Creek,GW,wolf,1,0,0,0,Arizona_NewMexico,den,nw,1,0,0,0.578431373,0,0,0,1,0,0,1,1,0,0.039774683,2.738386206,-108.6180756,33.4365571
W1555_W1670_rend_2018,W1555_W1670,Iron Creek,GW,wolf,1,0,0,0,Arizona_NewMexico,rend,nw,0,1,0,0.537566223,0,0,0,1,0,0,1,1,0,0.040405109,2.809992947,-108.6045204,33.45039213
W18-Max_W19-Rina_rend_2008,W18-Max_W19-Rina,Risnjak,GW,wolf,1,0,0,0,Croatia_Slovenia,rend,nw,0,1,0,0.715181058,0,0,0,1,0,0,1,1,0,0.29567634,1.588015857,14.72816832,45.39849895
w81_w82_rend_2004,w81_w82,Red Deer,GW,wolf,1,0,0,0,Alberta_W_YaHaTinda,rend,nw,0,1,0,0.222281735,0,0,0,1,0,1,1,1,1,0.003031769,1.662757827,-116.0290859,51.65452794
w81_w84_rend_2004,w81_w84,Red Deer,GW,wolf,1,0,0,0,Alberta_W_YaHaTinda,rend,nw,0,1,0,0.187361419,0,0,0,1,0,1,1,1,1,0.005560363,1.665106346,-116.0331917,51.62563496
w77_w86_rend_2004,w77_w86,Ya Ha Tinda,GW,wolf,1,0,0,0,Alberta_W_YaHaTinda,rend,nw,0,1,0,0.385986733,0,0,0,1,0,1,1,1,1,0.046255877,1.752495348,-115.6944224,51.78104712
w80_w86_rend_2004,w80_w86,Ya Ha Tinda,GW,wolf,1,0,0,0,Alberta_W_YaHaTinda,rend,nw,0,1,0,0.286555447,0,0,0,1,0,1,1,1,1,0.046165283,1.76214471,-115.694585,51.79344108
w81_w82_den_2004,w81_w82,Red Deer,GW,wolf,1,0,0,0,Alberta_W_YaHaTinda,den,nw,1,0,0,0.124484749,0,0,0,1,0,1,1,1,1,0.011644402,1.818672706,-115.8686066,51.68887856
w81_w84_den_2004,w81_w84,Red Deer,GW,wolf,1,0,0,0,Alberta_W_YaHaTinda,den,nw,1,0,0,0.207920792,0,0,0,1,0,1,1,1,1,0.016200719,1.826883369,-115.8362622,51.71013832
LBw7_LBw8_rend_2011,LBw7_LBw8,LBL_pack4,GW,wolf,1,0,0,0,Spain_NW_Santiago,rend,nw,0,1,0,0.186784712,0,0,0,1,0,NA,0,1,0,0.426681323,2.007632653,-9.121296278,43.08143315
W440m_W445_den_2015,W440m_W445,Axel Heiberg,GW,wolf,1,0,0,0,Ellesmere,den,nw,1,0,0,0.286604361,0,0,0,1,0,0,1,1,0,0.002370399,1.832009426,-87.9651011,79.82322068
BW1702_BW1705_winter_2017_2018,BW1702_BW1705,Comb,GW,wolf,1,0,0,0,Alaska_Denali,winter,winter,0,0,1,0.842105263,0,0,1,0,1,0,1,1,1,0.00134551,1.779553995,-149.5618701,64.00916
Mich10_Mich11_winter_2017_2018,Mich10_Mich11,Mich,GW,wolf,1,0,0,0,Ontario_Michipicoten,winter,winter,0,0,1,0.594594595,0,0,1,0,1,0,0,0,1,0.011431187,1.867132859,-85.77621301,47.72808743
Mich07_Mich08_winter_2017_2018,Mich07_Mich08,Mich,GW,wolf,1,0,0,0,Ontario_Michipicoten,winter,winter,0,0,1,0.512195122,0,1,0,0,1,0,0,0,1,0.01058683,1.938906163,-85.79654991,47.73575951
Mich01_Mich04_winter_2015_2016,Mich01_Mich04,Mich,GW,wolf,1,0,0,0,Ontario_Michipicoten,winter,winter,0,0,1,0.548468548,0,0,1,0,1,0,0,0,1,0.008709917,1.957577737,-85.77830409,47.73313174
Mich11_Mich12_winter_2017_2018,Mich11_Mich12,Mich,GW,wolf,1,0,0,0,Ontario_Michipicoten,winter,winter,0,0,1,0.560509554,0,0,1,0,1,0,0,0,1,0.007789343,1.971901035,-85.7826223,47.73563046
M0301_M0302_winter_2002_2003,M0301_M0302,Grafjell,GW,wolf,1,0,0,0,Norway_Sweden,winter,winter,0,0,1,0.252427184,0,1,0,0,1,0,0,1,1,0.11068062,1.9201149,11.3905212,61.35628788
rw11544M_rw11661M_winter_2009_2010,rw11544M_rw11661M,Milltail,RW,wolf,0,0,1,0,NorthCarolina_AlligatorNWR,winter,winter,0,0,1,0.160725149,0,0,1,0,1,1,1,0,1,0.259720404,2.299263125,-75.85470116,35.84445586
rw11544M_rw11661M_winter_2008_2009,rw11544M_rw11661M,Milltail,RW,wolf,0,0,1,0,NorthCarolina_AlligatorNWR,winter,winter,0,0,1,0.143624837,0,0,1,0,1,1,1,0,1,0.221044761,2.30694564,-75.85640032,35.84175289
rw11749M_rw11750M_winter_2009_2010,rw11749M_rw11750M,Swindell,RW,wolf,0,0,1,0,NorthCarolina_AlligatorNWR,winter,winter,0,0,1,0.310948081,0,0,1,0,1,1,1,0,1,0.145195089,2.730068777,-76.35901727,35.46921379
w7248_w7264_winter_2017_2018,w7248_w7264,PikeB,GW,wolf,1,0,0,0,Minnesota_N_central,winter,winter,0,0,1,0.74796748,0,0,1,0,1,0,1,0,1,0.04626501,2.046847518,-91.56946205,47.66463482
ER_W_32_ER_W_34_winter_2016_2017,ER_W_32_ER_W_34,Manigotagan,GW,wolf,1,0,0,0,Manitoba_E_Winnipeg,winter,winter,0,0,1,0.535714286,0,0,1,0,1,1,1,1,1,0.002377169,2.142880131,-95.4351311,50.84745974
ER_W_43_ER_W_47_winter_2018_2019,ER_W_43_ER_W_47,Happy,GW,wolf,1,0,0,0,Manitoba_E_Winnipeg,winter,winter,0,0,1,0.720512821,0,0,1,0,1,1,1,1,1,0.018350423,2.371892009,-95.73551555,50.48363607
BW1743_BW1745_winter_2017_2018,BW1743_BW1745,Brule,EW,wolf,0,1,0,0,Ontario_Algonquin_Kawartha,winter,winter,0,0,1,0.148148148,0,0,1,0,1,0,1,1,1,0.074483622,1.724995193,-78.74296452,45.24522285
W986_W988_winter_2017_2018,W986_W988,St. Louis River,GW,wolf,1,0,0,0,Wisconsin_NW,winter,winter,0,0,1,0.435897436,0,0,1,0,1,1,1,0,1,0.37246901,2.291638844,-92.13667059,46.66547543
W1383_W1453_winter_2015_2016,W1383_W1453,Hawks Nest,GW,wolf,1,0,0,0,Arizona_NewMexico,winter,winter,0,0,1,0.856275304,0,0,1,0,1,0,1,1,0,0.038446601,1.998807963,-109.314415,34.02300057
W1562_W1563_winter_2016_2017,W1562_W1563,Bluestem,GW,wolf,1,0,0,0,Arizona_NewMexico,winter,winter,0,0,1,0.5,0,1,0,0,1,0,1,1,0,0.04530709,2.044983076,-109.2525024,33.78656637
W1471_W1671_winter_2017_2018,W1471_W1671,Elk Horn,GW,wolf,1,0,0,0,Arizona_NewMexico,winter,winter,0,0,1,0.850746269,0,0,1,0,1,0,1,1,0,0.037254616,2.216870151,-109.0832194,33.96257902
W1677_W1681_winter_2018_2019,W1677_W1681,Hoodoo,GW,wolf,1,0,0,0,Arizona_NewMexico,winter,winter,0,0,1,0.835051546,0,0,1,0,1,0,1,1,0,0.047277331,2.296693358,-109.3068935,33.88250052
W1677_W1681_winter_2017_2018,W1677_W1681,Hoodoo,GW,wolf,1,0,0,0,Arizona_NewMexico,winter,winter,0,0,1,0.668831169,0,0,1,0,1,0,1,1,0,0.055966643,2.437198141,-109.2589797,33.93140694
W1696_W1697_winter_2018_2019,W1696_W1697,Elk Horn,GW,wolf,1,0,0,0,Arizona_NewMexico,winter,winter,0,0,1,0.103092784,0,1,0,0,1,0,1,1,0,0.063630849,2.452122924,-109.1141035,33.93109321
W1710_W1821_winter_2018_2019,W1710_W1821,Iron Creek,GW,wolf,1,0,0,0,Arizona_NewMexico,winter,winter,0,0,1,0.442857143,0,0,1,0,1,0,1,1,0,0.031318762,2.530253043,-108.5665201,33.4321879
W1556_W1555_winter_2017_2018,W1556_W1555,Iron Creek,GW,wolf,1,0,0,0,Arizona_NewMexico,winter,winter,0,0,1,0.222222222,0,0,1,0,1,0,1,1,0,0.03343509,2.565803946,-108.3942782,33.44750604
W1669_W1678_winter_2017_2018,W1669_W1678,Prieto,GW,wolf,1,0,0,0,Arizona_NewMexico,winter,winter,0,0,1,0.667491597,0,0,1,0,1,0,1,1,0,0.035766482,2.586233439,-108.6345545,33.58871429
W1555_W1821_winter_2018_2019,W1555_W1821,Iron Creek,GW,wolf,1,0,0,0,Arizona_NewMexico,winter,winter,0,0,1,0.79638009,0,0,1,0,1,0,1,1,0,0.034430343,2.592144913,-108.5777731,33.439767
W1555_W1710_winter_2018_2019,W1555_W1710,Iron Creek,GW,wolf,1,0,0,0,Arizona_NewMexico,winter,winter,0,0,1,0.5,0,0,1,0,1,0,1,1,0,0.037783204,2.601174577,-108.6055775,33.44016642
JSW1701_JSW1704_winter_2017_2018,JSW1701_JSW1704,Sorenson,GW,wolf,1,0,0,0,Alaska_Yukon_Charley,winter,winter,0,0,1,0.759078831,0,1,0,0,1,1,1,0,1,0.000609547,1.680847888,-142.0610784,64.7797524
JSW1703_JSW1702_winter_2016_2017,JSW1703_JSW1702,Essie Creek,GW,wolf,1,0,0,0,Alaska_Yukon_Charley,winter,winter,0,0,1,0.627329193,0,0,1,0,1,1,1,0,1,9.82E-06,1.693083525,-143.3270641,64.87519229
JSW1701_JSW1704_winter_2016_2017,JSW1701_JSW1704,Sorenson,GW,wolf,1,0,0,0,Alaska_Yukon_Charley,winter,winter,0,0,1,0.538888889,0,1,0,0,1,1,1,0,1,9.91E-06,1.740510049,-142.5863889,64.97395537
W14-Noah_W15-Grga_winter_2006_2007,W14-Noah_W15-Grga,Suho,GW,wolf,1,0,0,0,Croatia_Slovenia,winter,winter,0,0,1,0.381028939,0,0,1,0,1,0,1,1,0,0.230066676,1.939005493,14.45571527,45.47904141
M0907_M0909_winter_2008_2009,M0907_M0909,Fulufjellet,GW,wolf,1,0,0,0,Norway_Sweden,winter,winter,0,0,1,0.24137931,0,1,0,0,1,0,1,1,1,0.096488149,1.538634294,13.08461069,61.46133397
M0908_M0909_winter_2008_2009,M0908_M0909,Fulufjellet,GW,wolf,1,0,0,0,Norway_Sweden,winter,winter,0,0,1,0.395833333,0,1,0,0,1,0,1,1,1,0.092458046,1.541943469,13.11108358,61.46415146
M0907_M0908_winter_2008_2009,M0907_M0908,Fulufjellet,GW,wolf,1,0,0,0,Norway_Sweden,winter,winter,0,0,1,0.412280702,0,1,0,0,1,0,1,1,1,0.086205131,1.554716955,13.09876279,61.43117545
w955f_w956f_winter_2013_2014,w955f_w956f,Lava Mountain,GW,wolf,1,0,0,0,Wyoming,winter,winter,0,0,1,0.543140028,0,1,0,0,1,0,1,1,1,0.031876051,1.584206034,-110.1966888,43.55239538
w77_w80_winter_2003_2004,w77_w80,Ya Ha Tinda,GW,wolf,1,0,0,0,Alberta_W_YaHaTinda,winter,winter,0,0,1,0.381630013,0,0,1,0,1,1,1,1,1,0.053396743,2.260872728,-115.5571989,51.73515559
LBw1_LBw2_winter_2010_2011,LBw1_LBw2,LBL_pack1,GW,wolf,1,0,0,0,Spain_Santiago,winter,winter,0,0,1,0.252925878,0,1,0,0,1,NA,0,1,0,0.409958103,2.187260412,-8.497404345,42.64361737
Mich01_Mich04_den_2016,Mich01_Mich04,Mich,GW,wolf,1,0,0,0,Ontario_Michipicoten,den,nw,1,0,0,0.255244755,0,0,1,0,1,0,0,0,1,0.000866812,1.9682568,-85.77544656,47.74209314
Mich11_Mich12_den_2018,Mich11_Mich12,Mich,GW,wolf,1,0,0,0,Ontario_Michipicoten,den,nw,1,0,0,0.487179487,0,0,1,0,1,0,0,0,1,0.003204437,1.998042643,-85.75244867,47.74200859
Mich01_Mich04_rend_2016,Mich01_Mich04,Mich,GW,wolf,1,0,0,0,Ontario_Michipicoten,rend,nw,0,1,0,0.368283301,0,0,1,0,1,0,0,0,1,0.003281222,2.179814922,-85.79540706,47.73832644
rw11544M_rw11661M_den_2009,rw11544M_rw11661M,Milltail,RW,wolf,0,0,1,0,NorthCarolina_AlligatorNWR,den,nw,1,0,0,0.17788905,0,0,1,0,1,1,1,0,1,0.257292507,2.183610984,-75.87008281,35.83594681
rw11544M_rw11661M_rend_2009,rw11544M_rw11661M,Milltail,RW,wolf,0,0,1,0,NorthCarolina_AlligatorNWR,rend,nw,0,1,0,0.153695329,0,0,1,0,1,1,1,0,1,0.257857289,2.327307832,-75.85743475,35.846081
w7248_w7264_rend_2017,w7248_w7264,PikeB,GW,wolf,1,0,0,0,Minnesota_N_central,rend,nw,0,1,0,0.327868852,0,0,1,0,1,0,1,0,1,0.04175981,1.973483642,-91.54124514,47.66231299
ER_W_32_ER_W_34_den_2017,ER_W_32_ER_W_34,Manigotagan,GW,wolf,1,0,0,0,Manitoba_E_Winnipeg,den,nw,1,0,0,0.168831169,0,0,1,0,1,1,1,1,1,0.002599017,2.176510925,-95.43751622,50.84857463
ER_W_32_ER_W_34_rend_2017,ER_W_32_ER_W_34,Manigotagan,GW,wolf,1,0,0,0,Manitoba_E_Winnipeg,rend,nw,0,1,0,0.394366197,0,0,1,0,1,1,1,1,1,0.001633039,2.211123802,-95.49435858,50.8327485
wJM435_wYM330_rend_2014,wJM435_wYM330,Honker,GW,wolf,1,0,0,0,Alaska_PrinceOfWalesIsland,rend,nw,0,1,0,0.430738551,0,0,1,0,1,1,1,0,1,0.001548238,1.434068201,-132.8304154,55.80529272
wJM435_wYM330_den_2014,wJM435_wYM330,Honker,GW,wolf,1,0,0,0,Alaska_PrinceOfWalesIsland,den,nw,1,0,0,0.493597836,0,0,1,0,1,1,1,0,1,0.001656444,1.559454668,-132.7359571,55.75814811
V055_V051_rend_2017,V055_V051,Sheep Ranch,GW,wolf,1,0,0,0,Minnesota_Voyageurs,rend,nw,0,1,0,0.061728395,0,0,1,0,1,0,1,0,1,0.013947353,2.034264685,-92.82062544,48.31594895
V061_V064_den_2018,V061_V064,Sheep Ranch,GW,wolf,1,0,0,0,Minnesota_Voyageurs,den,nw,1,0,0,0.071912947,0,0,1,0,1,0,1,0,1,0.015227198,2.077676936,-92.83195065,48.3256963
BW1702_BW1705_rend_2017,BW1702_BW1705,Comb,GW,wolf,1,0,0,0,Alaska_Denali,rend,nw,0,1,0,0.616666667,0,0,1,0,1,0,1,1,1,0.000716785,1.759155275,-149.5990788,63.94585245
BW1702_BW1705_den_2017,BW1702_BW1705,Comb,GW,wolf,1,0,0,0,Alaska_Denali,den,nw,1,0,0,0.6,0,0,1,0,1,0,1,1,1,0.000345864,2.153711222,-149.6393389,63.95216296
W1488_W1489_den_2016,W1488_W1489,Bluestem,GW,wolf,1,0,0,0,Arizona_NewMexico,den,nw,1,0,0,0.586236826,0,1,0,0,1,0,1,1,0,0.043472762,1.878862745,-109.3068888,33.8035079
W1677_W1681_rend_2018,W1677_W1681,Hoodoo,GW,wolf,1,0,0,0,Arizona_NewMexico,rend,nw,0,1,0,0.707317073,0,0,1,0,1,0,1,1,0,0.045267377,2.368082453,-109.3003176,33.93643327
W1677_W1681_den_2018,W1677_W1681,Hoodoo,GW,wolf,1,0,0,0,Arizona_NewMexico,den,nw,1,0,0,0.539325843,0,0,1,0,1,0,1,1,0,0.039027313,2.568625455,-109.3210614,33.93049449
W1555_W1821_rend_2018,W1555_W1821,Iron Creek,GW,wolf,1,0,0,0,Arizona_NewMexico,rend,nw,0,1,0,0.648351648,0,0,1,0,1,0,1,1,0,0.043733258,2.758281439,-108.6399335,33.4279246
W1669_W1678_den_2018,W1669_W1678,Prieto,GW,wolf,1,0,0,0,Arizona_NewMexico,den,nw,1,0,0,0.303571429,0,0,1,0,1,0,1,1,0,0.037061186,2.779952092,-108.6395372,33.5727819
W1556_W1555_rend_2018,W1556_W1555,Iron Creek,GW,wolf,1,0,0,0,Arizona_NewMexico,rend,nw,0,1,0,0.620689655,0,0,1,0,1,0,1,1,0,0.038865135,2.815981442,-108.5989153,33.46413506
LBw9_LBw10_rend_2017,LBw9_LBw10,LBL_pack5,GW,wolf,1,0,0,0,Spain_W_Oviedo,rend,nw,0,1,0,0.112966601,0,0,1,0,1,NA,1,1,0,0.272349175,1.960009877,-6.610632084,43.33833683
JSW1701_JSW1704_den_2017,JSW1701_JSW1704,Sorenson,GW,wolf,1,0,0,0,Alaska_Yukon_Charley,den,nw,1,0,0,0.14893617,0,1,0,0,1,1,1,0,1,1.99E-05,1.781677712,-142.6278262,64.96140436
JSW1703_JSW1702_den_2017,JSW1703_JSW1702,Essie Creek,GW,wolf,1,0,0,0,Alaska_Yukon_Charley,den,nw,1,0,0,0.161641475,0,0,1,0,1,1,1,0,1,1.86E-05,1.782577699,-143.6237283,64.63253505
JSW1701_JSW1704_rend_2017,JSW1701_JSW1704,Sorenson,GW,wolf,1,0,0,0,Alaska_Yukon_Charley,rend,nw,0,1,0,0.298850575,0,1,0,0,1,1,1,0,1,2.42E-05,1.789271119,-142.7593342,64.87031882
JSW1703_JSW1702_rend_2017,JSW1703_JSW1702,Essie Creek,GW,wolf,1,0,0,0,Alaska_Yukon_Charley,rend,nw,0,1,0,0.199261993,0,0,1,0,1,1,1,0,1,1.64E-05,1.962147282,-143.5208251,64.62909957
w955f_w956f_den_2014,w955f_w956f,Lava Mountain,GW,wolf,1,0,0,0,Wyoming,den,nw,1,0,0,0.193876686,0,1,0,0,1,0,1,1,1,0.033462327,1.587939411,-110.1410081,43.56948754
w82_w84_rend_2004,w82_w84,Red Deer,GW,wolf,1,0,0,0,Alberta_W_YaHaTinda,rend,nw,0,1,0,0.166575642,0,1,0,0,1,1,1,1,1,0.002826083,1.664356422,-116.0259727,51.61834961
w77_w80_rend_2004,w77_w80,Ya Ha Tinda,GW,wolf,1,0,0,0,Alberta_W_YaHaTinda,rend,nw,0,1,0,0.261244019,0,0,1,0,1,1,1,1,1,0.045717854,1.767974119,-115.6941161,51.79827991
w82_w84_den_2004,w82_w84,Red Deer,GW,wolf,1,0,0,0,Alberta_W_YaHaTinda,den,nw,1,0,0,0.171680117,0,1,0,0,1,1,1,1,1,0.012886235,1.826106037,-115.8775601,51.69737106
w77_w80_den_2004,w77_w80,Ya Ha Tinda,GW,wolf,1,0,0,0,Alberta_W_YaHaTinda,den,nw,1,0,0,0.13800738,0,0,1,0,1,1,1,1,1,0.053824332,1.843237772,-115.5774473,51.76195966
LBw1_LBw2_rend_2011,LBw1_LBw2,LBL_pack1,GW,wolf,1,0,0,0,Spain_Santiago,rend,nw,0,1,0,0.189265537,0,1,0,0,1,NA,0,1,0,0.433811451,2.209890493,-8.538743936,42.6693783
LBw1_LBw2_den_2011,LBw1_LBw2,LBL_pack1,GW,wolf,1,0,0,0,Spain_Santiago,den,nw,1,0,0,0.314018145,0,1,0,0,1,NA,0,1,0,0.411577518,2.280651292,-8.534679657,42.67059835
