dyad_season_year,dyad_ID,PackID,Species1,Species2,GW,EW,RW,Mixed,SA,season,season2,den,rend,winter,Cohesion,Adult,Exploit,LargePred,Prey,Beaver,PackSize,Human,PCV,Long,Lat
Mich02_Mich06_winter_2017_2018,Mich02_Mich06,Mich,GW,wolf,1,0,0,0,Ontario_Michipicoten,winter,winter,0,0,1,0.275362319,1,0,0,0,1,18,0.002638806,1.827436421,-85.75556686,47.74098011
Mich03_Mich10_winter_2017_2018,Mich03_Mich10,Mich,GW,wolf,1,0,0,0,Ontario_Michipicoten,winter,winter,0,0,1,0.909090909,1,0,0,0,1,18,0.008077744,1.861984387,-85.79328436,47.73380785
Mich02_Mich12_winter_2017_2018,Mich02_Mich12,Mich,GW,wolf,1,0,0,0,Ontario_Michipicoten,winter,winter,0,0,1,0.454545455,1,0,0,0,1,18,0.008671728,1.922020927,-85.77661785,47.73550102
Mich02_Mich05_winter_2017_2018,Mich02_Mich05,Mich,GW,wolf,1,0,0,0,Ontario_Michipicoten,winter,winter,0,0,1,0.208654649,1,0,0,0,1,18,0.008433083,1.933214425,-85.78752272,47.74022823
Mich03_Mich12_winter_2017_2018,Mich03_Mich12,Mich,GW,wolf,1,0,0,0,Ontario_Michipicoten,winter,winter,0,0,1,0.328467153,1,0,0,0,1,18,0.008038139,1.939703737,-85.77894272,47.73577012
Mich02_Mich03_winter_2017_2018,Mich02_Mich03,Mich,GW,wolf,1,0,0,0,Ontario_Michipicoten,winter,winter,0,0,1,0.770833333,1,0,0,0,1,18,0.007112122,1.945833003,-85.78562059,47.73611519
Mich07_Mich10_winter_2017_2018,Mich07_Mich10,Mich,GW,wolf,1,0,0,0,Ontario_Michipicoten,winter,winter,0,0,1,0.714285714,0,0,0,0,1,18,0.010045636,1.861196285,-85.80574283,47.7329305
Mich10_Mich11_winter_2017_2018,Mich10_Mich11,Mich,GW,wolf,1,0,0,0,Ontario_Michipicoten,winter,winter,0,0,1,0.594594595,0,0,0,0,1,18,0.011431187,1.867132859,-85.77621301,47.72808743
Mich08_Mich12_winter_2017_2018,Mich08_Mich12,Mich,GW,wolf,1,0,0,0,Ontario_Michipicoten,winter,winter,0,0,1,0.714285714,0,0,0,0,1,18,0.007604271,1.917216171,-85.75728925,47.74059718
Mich03_Mich07_winter_2017_2018,Mich03_Mich07,Mich,GW,wolf,1,0,0,0,Ontario_Michipicoten,winter,winter,0,0,1,0.446969697,0,0,0,0,1,18,0.008459269,1.920691331,-85.79205819,47.73808959
Mich03_Mich08_winter_2017_2018,Mich03_Mich08,Mich,GW,wolf,1,0,0,0,Ontario_Michipicoten,winter,winter,0,0,1,0.848484848,0,0,0,0,1,18,0.009842065,1.922278953,-85.78424711,47.73541829
Mich02_Mich11_winter_2017_2018,Mich02_Mich11,Mich,GW,wolf,1,0,0,0,Ontario_Michipicoten,winter,winter,0,0,1,0.441860465,0,0,0,0,1,18,0.008718316,1.92419394,-85.78717916,47.73494944
Mich02_Mich08_winter_2017_2018,Mich02_Mich08,Mich,GW,wolf,1,0,0,0,Ontario_Michipicoten,winter,winter,0,0,1,0.553105363,0,0,0,0,1,18,0.007800338,1.925042174,-85.77588339,47.73968309
Mich08_Mich11_winter_2017_2018,Mich08_Mich11,Mich,GW,wolf,1,0,0,0,Ontario_Michipicoten,winter,winter,0,0,1,0.692307692,0,0,0,0,1,18,0.009289847,1.932088076,-85.78116219,47.73219446
Mich05_Mich07_winter_2017_2018,Mich05_Mich07,Mich,GW,wolf,1,0,0,0,Ontario_Michipicoten,winter,winter,0,0,1,0.322580645,0,0,0,0,1,18,0.008635891,1.936118501,-85.80856101,47.73545732
Mich02_Mich07_winter_2017_2018,Mich02_Mich07,Mich,GW,wolf,1,0,0,0,Ontario_Michipicoten,winter,winter,0,0,1,0.583333333,0,0,0,0,1,18,0.009988575,1.936468921,-85.80614933,47.73401186
Mich05_Mich08_winter_2017_2018,Mich05_Mich08,Mich,GW,wolf,1,0,0,0,Ontario_Michipicoten,winter,winter,0,0,1,0.156346133,0,0,0,0,1,18,0.007724265,1.937389944,-85.78340402,47.74002833
Mich05_Mich11_winter_2017_2018,Mich05_Mich11,Mich,GW,wolf,1,0,0,0,Ontario_Michipicoten,winter,winter,0,0,1,0.259259259,0,0,0,0,1,18,0.009887159,1.938338435,-85.81759897,47.73288769
Mich07_Mich08_winter_2017_2018,Mich07_Mich08,Mich,GW,wolf,1,0,0,0,Ontario_Michipicoten,winter,winter,0,0,1,0.512195122,0,0,0,0,1,18,0.01058683,1.938906163,-85.79654991,47.73575951
Mich03_Mich11_winter_2017_2018,Mich03_Mich11,Mich,GW,wolf,1,0,0,0,Ontario_Michipicoten,winter,winter,0,0,1,0.378787879,0,0,0,0,1,18,0.008018632,1.944777101,-85.78769329,47.73652561
Mich07_Mich12_winter_2017_2018,Mich07_Mich12,Mich,GW,wolf,1,0,0,0,Ontario_Michipicoten,winter,winter,0,0,1,0.460992908,0,0,0,0,1,18,0.008755711,1.968644709,-85.79028993,47.73683416
Mich07_Mich11_winter_2017_2018,Mich07_Mich11,Mich,GW,wolf,1,0,0,0,Ontario_Michipicoten,winter,winter,0,0,1,0.486666667,0,0,0,0,1,18,0.007849652,1.971547924,-85.79336388,47.73658164
Mich11_Mich12_winter_2017_2018,Mich11_Mich12,Mich,GW,wolf,1,0,0,0,Ontario_Michipicoten,winter,winter,0,0,1,0.560509554,0,0,0,0,1,18,0.007789343,1.971901035,-85.7826223,47.73563046
Mich02_Mich06_rend_2017,Mich02_Mich06,Mich,GW,wolf,1,0,0,0,Ontario_Michipicoten,rend,nw,0,1,0,0.194003527,1,0,0,0,1,18,0.002773406,1.86771663,-85.78199573,47.74206305
Mich11_Mich12_den_2018,Mich11_Mich12,Mich,GW,wolf,1,0,0,0,Ontario_Michipicoten,den,nw,1,0,0,0.487179487,0,0,0,0,1,18,0.003204437,1.998042643,-85.75244867,47.74200859
Mich07_Mich12_den_2018,Mich07_Mich12,Mich,GW,wolf,1,0,0,0,Ontario_Michipicoten,den,nw,1,0,0,0.388888889,0,0,0,0,1,18,0.002908961,2.013088641,-85.74467125,47.73539233
Mich07_Mich11_den_2018,Mich07_Mich11,Mich,GW,wolf,1,0,0,0,Ontario_Michipicoten,den,nw,1,0,0,0.212765957,0,0,0,0,1,18,0.002446032,2.024299477,-85.75134503,47.74109206
BW1106_BW1107_winter_2010_2011,BW1106_BW1107,McKinley Slough,GW,wolf,1,0,0,0,Alaska_Denali,winter,winter,0,0,1,0.741463415,0,0,1,1,1,18,0.000713804,1.825085358,-150.3829313,63.63574925
BW1006_BW1606_winter_2017_2018,BW1006_BW1606,Bearpaw,GW,wolf,1,0,0,0,Alaska_Denali,winter,winter,0,0,1,0.579545455,1,0,1,1,1,17,0.000139073,1.699084709,-150.8531591,63.97635259
BW1202_BW1801_winter_2017_2018,BW1202_BW1801,Riley Creek,GW,wolf,1,0,0,0,Alaska_Denali,winter,winter,0,0,1,0.946236559,1,0,1,1,1,17,0.007221296,1.431749624,-149.5262438,63.73099106
w81_w82_winter_2003_2004,w81_w82,Red Deer,GW,wolf,1,0,0,0,Alberta_W_YaHaTinda,winter,winter,0,0,1,0.49937578,0,1,1,1,1,16,0.008560105,2.073053199,-115.9312824,51.6223002
w81_w82_rend_2004,w81_w82,Red Deer,GW,wolf,1,0,0,0,Alberta_W_YaHaTinda,rend,nw,0,1,0,0.222281735,0,1,1,1,1,16,0.003031769,1.662757827,-116.0290859,51.65452794
w82_w84_rend_2004,w82_w84,Red Deer,GW,wolf,1,0,0,0,Alberta_W_YaHaTinda,rend,nw,0,1,0,0.166575642,0,1,1,1,1,16,0.002826083,1.664356422,-116.0259727,51.61834961
w81_w84_rend_2004,w81_w84,Red Deer,GW,wolf,1,0,0,0,Alberta_W_YaHaTinda,rend,nw,0,1,0,0.187361419,0,1,1,1,1,16,0.005560363,1.665106346,-116.0331917,51.62563496
w81_w82_den_2004,w81_w82,Red Deer,GW,wolf,1,0,0,0,Alberta_W_YaHaTinda,den,nw,1,0,0,0.124484749,0,1,1,1,1,16,0.011644402,1.818672706,-115.8686066,51.68887856
w82_w84_den_2004,w82_w84,Red Deer,GW,wolf,1,0,0,0,Alberta_W_YaHaTinda,den,nw,1,0,0,0.171680117,0,1,1,1,1,16,0.012886235,1.826106037,-115.8775601,51.69737106
w81_w84_den_2004,w81_w84,Red Deer,GW,wolf,1,0,0,0,Alberta_W_YaHaTinda,den,nw,1,0,0,0.207920792,0,1,1,1,1,16,0.016200719,1.826883369,-115.8362622,51.71013832
BW811_BW1103_winter_2010_2011,BW811_BW1103,Grant Creek,GW,wolf,1,0,0,0,Alaska_Denali,winter,winter,0,0,1,0.688432836,0,0,1,1,1,16,0.001454692,1.744572846,-149.6507872,63.61048343
BW811_BW1103_rend_2011,BW811_BW1103,Grant Creek,GW,wolf,1,0,0,0,Alaska_Denali,rend,nw,0,1,0,0.684931507,1,0,1,1,1,16,0.001952469,1.675757521,-149.9007442,63.55091589
BW1302_BW1707_winter_2017_2018,BW1302_BW1707,John Hansen,GW,wolf,1,0,0,0,Alaska_Denali,winter,winter,0,0,1,0.837558685,1,0,1,1,1,15,0.000747371,1.667902819,-152.2065815,63.72397068
BW1208_BW1405_winter_2015_2016,BW1208_BW1405,Iron Creek West,GW,wolf,1,0,0,0,Alaska_Denali,winter,winter,0,0,1,0.967741935,1,0,1,1,1,15,0,1.771083816,-151.5880739,63.24772177
BW1106_BW1107_winter_2011_2012,BW1106_BW1107,McKinley Slough,GW,wolf,1,0,0,0,Alaska_Denali,winter,winter,0,0,1,0.81097561,1,0,1,1,1,15,0.000121716,2.017489193,-149.7682535,63.96179857
W11535_W4364C_winter_2012_2013,W11535_W4364C,VezII,GW,wolf,1,0,0,0,N_Portugal,winter,winter,0,0,1,0.134826411,1,1,0,1,0,15,0.149152616,2.117202714,-8.31907271,41.95119063
W11535_W4364C_den_2013,W11535_W4364C,VezII,GW,wolf,1,0,0,0,N_Portugal,den,nw,1,0,0,0.137254902,1,1,0,1,0,15,0.114633761,2.196815988,-8.310841,41.96101097
w77_w80_winter_2003_2004,w77_w80,Ya Ha Tinda,GW,wolf,1,0,0,0,Alberta_W_YaHaTinda,winter,winter,0,0,1,0.381630013,0,1,1,1,1,14,0.053396743,2.260872728,-115.5571989,51.73515559
w77_w86_rend_2004,w77_w86,Ya Ha Tinda,GW,wolf,1,0,0,0,Alberta_W_YaHaTinda,rend,nw,0,1,0,0.385986733,0,1,1,1,1,14,0.046255877,1.752495348,-115.6944224,51.78104712
w80_w86_rend_2004,w80_w86,Ya Ha Tinda,GW,wolf,1,0,0,0,Alberta_W_YaHaTinda,rend,nw,0,1,0,0.286555447,0,1,1,1,1,14,0.046165283,1.76214471,-115.694585,51.79344108
w77_w80_rend_2004,w77_w80,Ya Ha Tinda,GW,wolf,1,0,0,0,Alberta_W_YaHaTinda,rend,nw,0,1,0,0.261244019,0,1,1,1,1,14,0.045717854,1.767974119,-115.6941161,51.79827991
w77_w80_den_2004,w77_w80,Ya Ha Tinda,GW,wolf,1,0,0,0,Alberta_W_YaHaTinda,den,nw,1,0,0,0.13800738,0,1,1,1,1,14,0.053824332,1.843237772,-115.5774473,51.76195966
BW1202_BW1406_winter_2016_2017,BW1202_BW1406,Riley Creek,GW,wolf,1,0,0,0,Alaska_Denali,winter,winter,0,0,1,0.973894126,1,0,1,1,1,14,0.002386912,1.947600269,-149.3973755,63.65222413
BW024_BW025_winter_2013_2014,BW024_BW025,Kwokullie,GW,wolf,1,0,0,0,British_Columbia_N,winter,winter,0,0,1,0.171974522,1,0,1,1,0,13.5,0.012963336,2.291511291,-120.9006337,59.45389377
BW030_BW031_winter_2013_2014,BW030_BW031,Clarke,GW,wolf,1,0,0,0,British_Columbia_N,winter,winter,0,0,1,0.824561404,1,0,1,1,0,13.5,0.000490461,2.536737462,-122.2313147,58.63091573
BW024_BW025_den_2014,BW024_BW025,Kwokullie,GW,wolf,1,0,0,0,British_Columbia_N,den,nw,1,0,0,0.172578348,1,0,1,1,0,13.5,0.012187977,2.288508679,-120.9428182,59.44596582
BW024_BW025_rend_2014,BW024_BW025,Kwokullie,GW,wolf,1,0,0,0,British_Columbia_N,rend,nw,0,1,0,0.10078011,1,0,1,1,0,13.5,0.004579612,2.437797053,-120.9900753,59.43748139
BW030_BW031_den_2014,BW030_BW031,Clarke,GW,wolf,1,0,0,0,British_Columbia_N,den,nw,1,0,0,0.357142857,1,0,1,1,0,13.5,0.00034639,2.57041649,-122.3229558,58.68330632
W015_W019_winter_2007_2008,W015_W019,murray,GW,wolf,1,0,0,0,British_Columbia_E,winter,winter,0,0,1,0.782222222,1,1,1,1,1,13,0.015870313,1.344168416,-121.5311298,54.890447
W016_W024_winter_2008_2009,W016_W024,chain,GW,wolf,1,0,0,0,British_Columbia_E,winter,winter,0,0,1,0.611455207,1,1,1,1,1,13,0.034260226,1.739572258,-120.2762383,55.06920061
W016_W028_winter_2008_2009,W016_W028,chain,GW,wolf,1,0,0,0,British_Columbia_E,winter,winter,0,0,1,0.420996678,1,1,1,1,1,13,0.040943765,1.775533763,-120.0889559,55.13375725
W024_W028_winter_2009_2010,W024_W028,chain,GW,wolf,1,0,0,0,British_Columbia_E,winter,winter,0,0,1,0.714285714,1,1,1,1,1,13,0.046244708,2.026147977,-120.0977347,55.13108498
W024_W028_winter_2008_2009,W024_W028,chain,GW,wolf,1,0,0,0,British_Columbia_E,winter,winter,0,0,1,0.22972973,1,1,1,1,1,13,0.039109523,2.12437485,-120.1896656,55.12213774
W024_W028_den_2009,W024_W028,chain,GW,wolf,1,0,0,0,British_Columbia_E,den,nw,1,0,0,0.224867725,1,1,1,1,1,13,0.039540518,1.772672513,-120.1744115,55.06443512
W024_W028_rend_2009,W024_W028,chain,GW,wolf,1,0,0,0,British_Columbia_E,rend,nw,0,1,0,0.373083927,1,1,1,1,1,13,0.043087429,2.087061562,-120.0882359,55.11325701
ER_W_32_ER_W_34_winter_2016_2017,ER_W_32_ER_W_34,Manigotagan,GW,wolf,1,0,0,0,Manitoba_E_Winnipeg,winter,winter,0,0,1,0.535714286,1,1,1,1,1,13,0.002377169,2.142880131,-95.4351311,50.84745974
ER_W_32_ER_W_34_den_2017,ER_W_32_ER_W_34,Manigotagan,GW,wolf,1,0,0,0,Manitoba_E_Winnipeg,den,nw,1,0,0,0.168831169,1,1,1,1,1,13,0.002599017,2.176510925,-95.43751622,50.84857463
ER_W_32_ER_W_34_rend_2017,ER_W_32_ER_W_34,Manigotagan,GW,wolf,1,0,0,0,Manitoba_E_Winnipeg,rend,nw,0,1,0,0.394366197,1,1,1,1,1,13,0.001633039,2.211123802,-95.49435858,50.8327485
BW811_BW1103_winter_2011_2012,BW811_BW1103,Grant Creek,GW,wolf,1,0,0,0,Alaska_Denali,winter,winter,0,0,1,0.816872428,1,0,1,1,1,13,0.001996633,1.675174066,-149.7193271,63.57993508
W22759_W22760_winter_2016_2017,W22759_W22760,Chernobyl2,GW,wolf,1,0,0,0,Chernobyl,winter,winter,0,0,1,0.20163127,1,0,1,1,1,13,0.387349062,2.22870098,29.92885419,51.5679883
W22759_W22761_winter_2016_2017,W22759_W22761,Chernobyl2,GW,wolf,1,0,0,0,Chernobyl,winter,winter,0,0,1,0.11390073,0,0,1,1,1,13,0.379612402,2.243969332,29.93703109,51.56657983
W22760_W22761_winter_2016_2017,W22760_W22761,Chernobyl2,GW,wolf,1,0,0,0,Chernobyl,winter,winter,0,0,1,0.121860824,0,0,1,1,1,13,0.406468594,2.285514351,29.91764344,51.56684691
Mich02_Mich03_winter_2018_2019,Mich02_Mich03,Mich,GW,wolf,1,0,0,0,Ontario_Michipicoten,winter,winter,0,0,1,0.4,1,0,0,1,1,12,0.009306972,2.775930844,-85.76593253,47.72691583
Mich07_Mich11_winter_2018_2019,Mich07_Mich11,Mich,GW,wolf,1,0,0,0,Ontario_Michipicoten,winter,winter,0,0,1,0.364864865,0,0,0,1,1,12,0.012102628,2.667405126,-85.78375077,47.72528639
Mich03_Mich07_winter_2018_2019,Mich03_Mich07,Mich,GW,wolf,1,0,0,0,Ontario_Michipicoten,winter,winter,0,0,1,0.203703704,0,0,0,1,1,12,0.010375561,2.690503188,-85.76218052,47.73077136
Mich03_Mich11_winter_2018_2019,Mich03_Mich11,Mich,GW,wolf,1,0,0,0,Ontario_Michipicoten,winter,winter,0,0,1,0.175182482,0,0,0,1,1,12,0.008092749,2.722765515,-85.78371895,47.73293412
Mich03_Mich07_rend_2018,Mich03_Mich07,Mich,GW,wolf,1,0,0,0,Ontario_Michipicoten,rend,nw,0,1,0,0.070707071,0,0,0,0,1,12,0.005285863,2.532143728,-85.75367806,47.74025444
BW1404_BW1501_winter_2016_2017,BW1404_BW1501,Grant Creek,GW,wolf,1,0,0,0,Alaska_Denali,winter,winter,0,0,1,0.901800327,1,0,1,1,1,12,0.003739633,1.926508951,-149.2670438,63.47678125
BW1501_BW1602_winter_2016_2017,BW1501_BW1602,Grant Creek,GW,wolf,1,0,0,0,Alaska_Denali,winter,winter,0,0,1,0.842880524,0,0,1,1,1,12,0.003752064,1.92663479,-149.2670738,63.47692102
BW1404_BW1602_winter_2016_2017,BW1404_BW1602,Grant Creek,GW,wolf,1,0,0,0,Alaska_Denali,winter,winter,0,0,1,0.869742198,0,0,1,1,1,12,0.00439904,1.941396242,-149.1869867,63.48098618
Mich02_Mich06_winter_2016_2017,Mich02_Mich06,Mich,GW,wolf,1,0,0,0,Ontario_Michipicoten,winter,winter,0,0,1,0.317518248,1,0,0,0,1,11,0.004355189,2.044789547,-85.7915905,47.74245757
Mich02_Mich05_winter_2016_2017,Mich02_Mich05,Mich,GW,wolf,1,0,0,0,Ontario_Michipicoten,winter,winter,0,0,1,0.246753247,1,0,0,0,1,11,0.005398971,2.045085641,-85.78834188,47.74264536
Mich02_Mich03_winter_2016_2017,Mich02_Mich03,Mich,GW,wolf,1,0,0,0,Ontario_Michipicoten,winter,winter,0,0,1,0.953125,1,0,0,0,1,11,0.007498043,2.096368587,-85.79189975,47.74037723
Mich05_Mich06_winter_2016_2017,Mich05_Mich06,Mich,GW,wolf,1,0,0,0,Ontario_Michipicoten,winter,winter,0,0,1,0.243250589,1,0,0,0,1,11,0.00582432,2.113225894,-85.79041755,47.74035008
Mich01_Mich02_winter_2016_2017,Mich01_Mich02,Mich,GW,wolf,1,0,0,0,Ontario_Michipicoten,winter,winter,0,0,1,0.851817729,1,0,0,0,1,11,0.007179372,2.113968893,-85.78879104,47.74048916
Mich01_Mich03_winter_2016_2017,Mich01_Mich03,Mich,GW,wolf,1,0,0,0,Ontario_Michipicoten,winter,winter,0,0,1,0.869738085,1,0,0,0,1,11,0.007494403,2.115811095,-85.79227759,47.74193781
Mich02_Mich06_den_2017,Mich02_Mich06,Mich,GW,wolf,1,0,0,0,Ontario_Michipicoten,den,nw,1,0,0,0.08362909,1,0,0,0,1,11,0.003598314,2.005371072,-85.77506449,47.73954967
Mich02_Mich03_rend_2016,Mich02_Mich03,Mich,GW,wolf,1,0,0,0,Ontario_Michipicoten,rend,nw,0,1,0,0.613321399,1,0,0,0,1,11,0.004274169,2.122358927,-85.79891587,47.7436682
Mich01_Mich03_rend_2016,Mich01_Mich03,Mich,GW,wolf,1,0,0,0,Ontario_Michipicoten,rend,nw,0,1,0,0.621635802,1,0,0,0,1,11,0.003840968,2.122674516,-85.80362344,47.74230899
Mich01_Mich02_rend_2016,Mich01_Mich02,Mich,GW,wolf,1,0,0,0,Ontario_Michipicoten,rend,nw,0,1,0,0.624969136,1,0,0,0,1,11,0.003574117,2.124336975,-85.80409791,47.74429214
Mich01_Mich04_rend_2016,Mich01_Mich04,Mich,GW,wolf,1,0,0,0,Ontario_Michipicoten,rend,nw,0,1,0,0.368283301,1,0,0,0,1,11,0.003281222,2.179814922,-85.79540706,47.73832644
Mich03_Mich04_rend_2016,Mich03_Mich04,Mich,GW,wolf,1,0,0,0,Ontario_Michipicoten,rend,nw,0,1,0,0.344017094,1,0,0,0,1,11,0.003021139,2.180149381,-85.79462432,47.73938107
Mich02_Mich04_rend_2016,Mich02_Mich04,Mich,GW,wolf,1,0,0,0,Ontario_Michipicoten,rend,nw,0,1,0,0.402569593,1,0,0,0,1,11,0.003629305,2.181248468,-85.79626626,47.73870543
ER_W_48_ER_W_50_winter_2018_2019,ER_W_48_ER_W_50,Smoky,GW,wolf,1,0,0,0,Manitoba_E_Winnipeg,winter,winter,0,0,1,0.448543689,1,1,1,1,1,11,0.001946084,2.310236981,-95.63573383,50.61525073
ER_W_48_ER_W_50_den_2019,ER_W_48_ER_W_50,Smoky,GW,wolf,1,0,0,0,Manitoba_E_Winnipeg,den,nw,1,0,0,0.200351494,1,1,1,1,1,11,0.001965344,2.17887641,-95.59035099,50.61607377
rw11421M_rw11544M_winter_2008_2009,rw11421M_rw11544M,Milltail,RW,wolf,0,0,1,0,NorthCarolina_AlligatorNWR,winter,winter,0,0,1,0.18728865,1,1,1,0,1,11,0.214900689,2.212723617,-75.87629959,35.85156416
rw11357F_rw11421M_winter_2008_2009,rw11357F_rw11421M,Milltail,RW,wolf,0,0,1,0,NorthCarolina_AlligatorNWR,winter,winter,0,0,1,0.31496063,1,1,1,0,1,11,0.207632003,2.212723617,-75.8852017,35.8559625
rw11357F_rw11544M_winter_2008_2009,rw11357F_rw11544M,Milltail,RW,wolf,0,0,1,0,NorthCarolina_AlligatorNWR,winter,winter,0,0,1,0.642256536,1,1,1,0,1,11,0.205641143,2.269597197,-75.87510455,35.84999562
rw11544M_rw11660F_winter_2009_2010,rw11544M_rw11660F,Milltail,RW,wolf,0,0,1,0,NorthCarolina_AlligatorNWR,winter,winter,0,0,1,0.22510488,1,1,1,0,1,11,0.259077977,2.298700057,-75.86713226,35.84812429
rw11544M_rw11661M_winter_2009_2010,rw11544M_rw11661M,Milltail,RW,wolf,0,0,1,0,NorthCarolina_AlligatorNWR,winter,winter,0,0,1,0.160725149,1,1,1,0,1,11,0.259720404,2.299263125,-75.85470116,35.84445586
rw11660F_rw11661M_winter_2009_2010,rw11660F_rw11661M,Milltail,RW,wolf,0,0,1,0,NorthCarolina_AlligatorNWR,winter,winter,0,0,1,0.272627084,1,1,1,0,1,11,0.281303661,2.299263125,-75.84158272,35.83963626
rw11421M_rw11660F_winter_2008_2009,rw11421M_rw11660F,Milltail,RW,wolf,0,0,1,0,NorthCarolina_AlligatorNWR,winter,winter,0,0,1,0.108695652,0,1,1,0,1,11,0.284591088,2.212723617,-75.85973491,35.84543471
rw11357F_rw11660F_winter_2008_2009,rw11357F_rw11660F,Milltail,RW,wolf,0,0,1,0,NorthCarolina_AlligatorNWR,winter,winter,0,0,1,0.102702703,0,1,1,0,1,11,0.230273304,2.268814194,-75.85263936,35.84360104
rw11357F_rw11661M_winter_2008_2009,rw11357F_rw11661M,Milltail,RW,wolf,0,0,1,0,NorthCarolina_AlligatorNWR,winter,winter,0,0,1,0.091900171,0,1,1,0,1,11,0.234829664,2.268814211,-75.85065847,35.84234746
rw11421M_rw11661M_winter_2008_2009,rw11421M_rw11661M,Milltail,RW,wolf,0,0,1,0,NorthCarolina_AlligatorNWR,winter,winter,0,0,1,0.137168503,0,1,1,0,1,11,0.257251706,2.269597197,-75.86241393,35.84772852
rw11544M_rw11661M_winter_2008_2009,rw11544M_rw11661M,Milltail,RW,wolf,0,0,1,0,NorthCarolina_AlligatorNWR,winter,winter,0,0,1,0.143624837,0,1,1,0,1,11,0.221044761,2.30694564,-75.85640032,35.84175289
rw11544M_rw11660F_winter_2008_2009,rw11544M_rw11660F,Milltail,RW,wolf,0,0,1,0,NorthCarolina_AlligatorNWR,winter,winter,0,0,1,0.202472365,0,1,1,0,1,11,0.251148862,2.30694564,-75.85278208,35.84233094
rw11660F_rw11661M_winter_2008_2009,rw11660F_rw11661M,Milltail,RW,wolf,0,0,1,0,NorthCarolina_AlligatorNWR,winter,winter,0,0,1,0.307112731,0,1,1,0,1,11,0.258062728,2.30694564,-75.8359295,35.83881111
rw11544M_rw11661M_den_2009,rw11544M_rw11661M,Milltail,RW,wolf,0,0,1,0,NorthCarolina_AlligatorNWR,den,nw,1,0,0,0.17788905,1,1,1,0,1,11,0.257292507,2.183610984,-75.87008281,35.83594681
rw11660F_rw11661M_den_2009,rw11660F_rw11661M,Milltail,RW,wolf,0,0,1,0,NorthCarolina_AlligatorNWR,den,nw,1,0,0,0.212584476,1,1,1,0,1,11,0.280864274,2.183610984,-75.85069684,35.84267039
rw11421M_rw11661M_den_2009,rw11421M_rw11661M,Milltail,RW,wolf,0,0,1,0,NorthCarolina_AlligatorNWR,den,nw,1,0,0,0.128205128,1,1,1,0,1,11,0.276767496,2.188434091,-75.86237353,35.84682438
rw11544M_rw11660F_den_2009,rw11544M_rw11660F,Milltail,RW,wolf,0,0,1,0,NorthCarolina_AlligatorNWR,den,nw,1,0,0,0.232931727,1,1,1,0,1,11,0.254038347,2.188434091,-75.88029204,35.85201262
rw11357F_rw11421M_den_2009,rw11357F_rw11421M,Milltail,RW,wolf,0,0,1,0,NorthCarolina_AlligatorNWR,den,nw,1,0,0,0.272727273,1,1,1,0,1,11,0.265808553,2.205269475,-75.88117991,35.85272418
rw11421M_rw11544M_den_2009,rw11421M_rw11544M,Milltail,RW,wolf,0,0,1,0,NorthCarolina_AlligatorNWR,den,nw,1,0,0,0.393939394,1,1,1,0,1,11,0.258710153,2.208688673,-75.89202479,35.8547343
rw11421M_rw11660F_den_2009,rw11421M_rw11660F,Milltail,RW,wolf,0,0,1,0,NorthCarolina_AlligatorNWR,den,nw,1,0,0,0.222222222,1,1,1,0,1,11,0.24671983,2.210425643,-75.87561779,35.85180085
rw11421M_rw11661M_rend_2009,rw11421M_rw11661M,Milltail,RW,wolf,0,0,1,0,NorthCarolina_AlligatorNWR,rend,nw,0,1,0,0.162453184,1,1,1,0,1,11,0.256618213,2.296416674,-75.85519281,35.8464553
rw11421M_rw11544M_rend_2009,rw11421M_rw11544M,Milltail,RW,wolf,0,0,1,0,NorthCarolina_AlligatorNWR,rend,nw,0,1,0,0.252767359,1,1,1,0,1,11,0.271347522,2.311058417,-75.86986527,35.85070569
rw11544M_rw11660F_rend_2009,rw11544M_rw11660F,Milltail,RW,wolf,0,0,1,0,NorthCarolina_AlligatorNWR,rend,nw,0,1,0,0.096926489,1,1,1,0,1,11,0.269068702,2.327307832,-75.86413033,35.84711192
rw11660F_rw11661M_rend_2009,rw11660F_rw11661M,Milltail,RW,wolf,0,0,1,0,NorthCarolina_AlligatorNWR,rend,nw,0,1,0,0.118098987,1,1,1,0,1,11,0.27965878,2.327307832,-75.84340838,35.84152774
rw11544M_rw11661M_rend_2009,rw11544M_rw11661M,Milltail,RW,wolf,0,0,1,0,NorthCarolina_AlligatorNWR,rend,nw,0,1,0,0.153695329,1,1,1,0,1,11,0.257857289,2.327307832,-75.85743475,35.846081
w65_w77_winter_2003_2004,w65_w77,Ya Ha Tinda,GW,wolf,1,0,0,0,Alberta_W_YaHaTinda,winter,winter,0,0,1,0.421792619,0,1,1,1,1,11,0.046150274,2.107876513,-115.6563646,51.77021483
N211_N212_winter_2003_2004,N211_N212,Brazeau,GW,wolf,1,0,0,0,Alberta_W_above,winter,winter,0,0,1,0.367184131,1,0,1,1,1,11,0.027245579,1.838791361,-116.8655928,52.63830483
M0904_M0906_winter_2009_2010,M0904_M0906,Fulufjellet,GW,wolf,1,0,0,0,Norway_Sweden,winter,winter,0,0,1,0.736111111,1,0,1,1,1,10,0.059220326,1.680254926,12.98576363,61.47466524
M1409_M1410_winter_2014_2015,M1409_M1410,Julussa,GW,wolf,1,0,0,0,Norway_Sweden,winter,winter,0,0,1,0.742857143,1,0,0,1,1,10,0.094969143,1.464389112,11.36374181,61.39849066
M1409_M1410_winter_2013_2014,M1409_M1410,Julussa,GW,wolf,1,0,0,0,Norway_Sweden,winter,winter,0,0,1,0.885185185,1,0,0,1,1,10,0.113851451,1.525947941,11.31525734,61.36073785
M1407_M1408_winter_2013_2014,M1407_M1408,Julussa,GW,wolf,1,0,0,0,Norway_Sweden,winter,winter,0,0,1,0.338095704,0,0,0,1,1,10,0.098643131,1.477032253,11.30787466,61.36731035
M1406_M1407_winter_2013_2014,M1406_M1407,Julussa,GW,wolf,1,0,0,0,Norway_Sweden,winter,winter,0,0,1,0.259994448,0,0,0,1,1,10,0.108260074,1.487387767,11.33722706,61.34484905
M1410_M1407_winter_2014_2015,M1410_M1407,Julussa,GW,wolf,1,0,0,0,Norway_Sweden,winter,winter,0,0,1,0.472440945,0,0,0,1,1,10,0.103546734,1.488876656,11.3085014,61.37294074
M1409_M1408_winter_2013_2014,M1409_M1408,Julussa,GW,wolf,1,0,0,0,Norway_Sweden,winter,winter,0,0,1,0.435294118,0,0,0,1,1,10,0.095656091,1.501035095,11.27161058,61.3949306
M1410_M1408_winter_2013_2014,M1410_M1408,Julussa,GW,wolf,1,0,0,0,Norway_Sweden,winter,winter,0,0,1,0.710526316,0,0,0,1,1,10,0.097013178,1.506570745,11.25627714,61.38870681
M1410_M1407_winter_2013_2014,M1410_M1407,Julussa,GW,wolf,1,0,0,0,Norway_Sweden,winter,winter,0,0,1,0.269437729,0,0,0,1,1,10,0.106298473,1.5297486,11.30734104,61.37121199
M1409_M1407_winter_2013_2014,M1409_M1407,Julussa,GW,wolf,1,0,0,0,Norway_Sweden,winter,winter,0,0,1,0.276190476,0,0,0,1,1,10,0.103524804,1.529836051,11.30199475,61.37657963
M1409_M1410_rend_2014,M1409_M1410,Julussa,GW,wolf,1,0,0,0,Norway_Sweden,rend,nw,0,1,0,0.524590164,1,0,0,1,1,10,0.091197704,1.499170105,11.29841432,61.39464569
M1409_M1410_den_2014,M1409_M1410,Julussa,GW,wolf,1,0,0,0,Norway_Sweden,den,nw,1,0,0,0.449511401,1,0,0,1,1,10,0.079969757,1.602732495,11.30675708,61.40450224
M1410_M1407_rend_2014,M1410_M1407,Julussa,GW,wolf,1,0,0,0,Norway_Sweden,rend,nw,0,1,0,0.346559483,0,0,0,1,1,10,0.091147556,1.49967961,11.2873815,61.38177139
M1409_M1407_rend_2014,M1409_M1407,Julussa,GW,wolf,1,0,0,0,Norway_Sweden,rend,nw,0,1,0,0.353233831,0,0,0,1,1,10,0.090781545,1.500500127,11.29186601,61.38695504
M1410_M1407_den_2014,M1410_M1407,Julussa,GW,wolf,1,0,0,0,Norway_Sweden,den,nw,1,0,0,0.204081633,0,0,0,1,1,10,0.087579628,1.531883931,11.32494902,61.36901889
M1409_M1407_den_2014,M1409_M1407,Julussa,GW,wolf,1,0,0,0,Norway_Sweden,den,nw,1,0,0,0.083333333,0,0,0,1,1,10,0.087376731,1.601835071,11.29931571,61.35872351
M0904_M0906_den_2010,M0904_M0906,Fulufjellet,GW,wolf,1,0,0,0,Norway_Sweden,den,nw,1,0,0,0.425925926,1,0,1,1,1,10,0.079800615,1.710503243,12.983773,61.4292045
M0904_M0906_rend_2010,M0904_M0906,Fulufjellet,GW,wolf,1,0,0,0,Norway_Sweden,rend,nw,0,1,0,0.350877193,1,0,1,1,1,10,0.087092465,1.754744204,13.02374302,61.45905851
BCW1_BCW2_winter_2009_2010,BCW1_BCW2,Beaver_Creek,GW,wolf,1,0,0,0,Alaska_YukonFlatsNWR,winter,winter,0,0,1,0.932300054,0,0,1,1,1,10,0.000112677,2.373295837,-146.7747876,66.27150488
rw11693F_rw11698M_winter_2009_2010,rw11693F_rw11698M,Beechridge,RW,wolf,0,0,1,0,NorthCarolina_AlligatorNWR,winter,winter,0,0,1,0.68570331,0,1,1,0,1,10,0.459745181,3.129911595,-76.6011784,35.58141682
rw11693F_rw11698M_den_2010,rw11693F_rw11698M,Beechridge,RW,wolf,0,0,1,0,NorthCarolina_AlligatorNWR,den,nw,1,0,0,0.432068543,1,1,1,0,1,10,0.41526567,3.159639485,-76.5882444,35.58089679
rw11693F_rw11698M_rend_2010,rw11693F_rw11698M,Beechridge,RW,wolf,0,0,1,0,NorthCarolina_AlligatorNWR,rend,nw,0,1,0,0.263603975,1,1,1,0,1,10,0.439292575,3.264216185,-76.61102544,35.59168435
BW1201_BW1203_winter_2011_2012,BW1201_BW1203,East Fork,GW,wolf,1,0,0,0,Alaska_Denali,winter,winter,0,0,1,0.947906027,0,0,1,1,1,10,0.026942403,1.738082734,-149.1340249,63.77173517
W848_W956_winter_2017_2018,W848_W956,Price Creek,GW,wolf,1,0,0,0,Wisconsin_NW,winter,winter,0,0,1,0.444444444,1,1,1,0,1,9,0.073365829,1.92987132,-90.63647258,45.73713802
W848_W943_winter_2017_2018,W848_W943,Price Creek,GW,wolf,1,0,0,0,Wisconsin_NW,winter,winter,0,0,1,0.169811321,0,1,1,0,1,9,0.065307143,1.893958405,-90.63634875,45.74112469
W1404_W1443_winter_2015_2016,W1404_W1443,Bluestem,GW,wolf,1,0,0,0,Arizona_NewMexico,winter,winter,0,0,1,0.933388766,1,0,1,1,0,9,0.047062455,1.744727737,-109.2742536,33.83288218
W1562_W1563_winter_2016_2017,W1562_W1563,Bluestem,GW,wolf,1,0,0,0,Arizona_NewMexico,winter,winter,0,0,1,0.5,0,0,1,1,0,9,0.04530709,2.044983076,-109.2525024,33.78656637
W1488_W1489_den_2016,W1488_W1489,Bluestem,GW,wolf,1,0,0,0,Arizona_NewMexico,den,nw,1,0,0,0.586236826,1,0,1,1,0,9,0.043472762,1.878862745,-109.3068888,33.8035079
ER_W_45_ER_W_51_winter_2018_2019,ER_W_45_ER_W_51,Sandy,GW,wolf,1,0,0,0,Manitoba_E_Winnipeg,winter,winter,0,0,1,0.665975104,1,1,1,1,1,9,0.005544254,2.450185483,-96.27181654,50.96871968
ER_W_45_ER_W_51_rend_2019,ER_W_45_ER_W_51,Sandy,GW,wolf,1,0,0,0,Manitoba_E_Winnipeg,rend,nw,0,1,0,0.162790698,1,1,1,1,1,9,0.007628561,2.143863633,-96.26456368,50.99886415
ER_W_45_ER_W_51_den_2019,ER_W_45_ER_W_51,Sandy,GW,wolf,1,0,0,0,Manitoba_E_Winnipeg,den,nw,1,0,0,0.434250765,1,1,1,1,1,9,0.006513507,2.31620156,-96.26721615,50.9801992
W604_W605_winter_2015_2016,W604_W605,Tathlina Lake,GW,wolf,1,0,0,0,NWT_GreatSlaveLake,winter,winter,0,0,1,0.744160178,0,0,1,1,1,9,7.32E-06,2.267853914,-117.5616347,60.37051914
W604_W605_rend_2016,W604_W605,Tathlina Lake,GW,wolf,1,0,0,0,NWT_GreatSlaveLake,rend,nw,0,1,0,0.22854726,1,0,1,1,1,9,9.87E-06,2.131554779,-117.5912142,60.40970715
W604_W605_den_2016,W604_W605,Tathlina Lake,GW,wolf,1,0,0,0,NWT_GreatSlaveLake,den,nw,1,0,0,0.142638037,1,0,1,1,1,9,6.39E-07,2.239488879,-117.5941855,60.40866684
W110_W116_winter_2006_2007,W110_W116,Kakwa,GW,wolf,1,0,0,0,Alberta_W_above,winter,winter,0,0,1,0.535821343,1,1,1,1,1,9,0.032093109,2.245391447,-119.4498991,54.27092082
W110_W116_den_2007,W110_W116,Kakwa,GW,wolf,1,0,0,0,Alberta_W_above,den,nw,1,0,0,0.303137381,1,1,1,1,1,9,0.034961321,2.13524973,-119.5260977,54.22671041
BW1406_BW1601_winter_2015_2016,BW1406_BW1601,Riley Creek,GW,wolf,1,0,0,0,Alaska_Denali,winter,winter,0,0,1,0.79245283,1,0,1,1,1,9,0.006149144,1.920737146,-149.3116155,63.70145518
BW1202_BW1601_winter_2015_2016,BW1202_BW1601,Riley Creek,GW,wolf,1,0,0,0,Alaska_Denali,winter,winter,0,0,1,0.761904762,1,0,1,1,1,9,0.006256655,1.920794616,-149.3063935,63.70022992
BW1202_BW1406_winter_2015_2016,BW1202_BW1406,Riley Creek,GW,wolf,1,0,0,0,Alaska_Denali,winter,winter,0,0,1,0.907949791,1,0,1,1,1,9,0.008738257,1.930020084,-149.2141856,63.66907462
W22758_W22762_winter_2016_2017,W22758_W22762,Chernobyl3,GW,wolf,1,0,0,0,Chernobyl,winter,winter,0,0,1,0.515023566,1,0,1,1,1,9,0.331301497,2.241268174,29.69971728,51.65512739
W22758_W22762_rend_2017,W22758_W22762,Chernobyl3,GW,wolf,1,0,0,0,Chernobyl,rend,nw,0,1,0,0.203430172,1,0,1,1,1,9,0.388970337,2.264921858,29.74035286,51.62982773
W22758_W22762_den_2017,W22758_W22762,Chernobyl3,GW,wolf,1,0,0,0,Chernobyl,den,nw,1,0,0,0.118811881,1,0,1,1,1,9,0.398242179,2.293109788,29.74751493,51.61348724
W440m_W445_den_2015,W440m_W445,Axel Heiberg,GW,wolf,1,0,0,0,Ellesmere,den,nw,1,0,0,0.286604361,1,0,1,1,0,9,0.002370399,1.832009426,-87.9651011,79.82322068
V027_V028_winter_2014_2015,V027_V028,Moose River,GW,wolf,1,0,0,0,Minnesota_Voyageurs,winter,winter,0,0,1,0.771879484,0,0,1,0,1,8,0.012483111,2.373266811,-92.69978076,48.40228739
V027_V028_den_2015,V027_V028,Moose River,GW,wolf,1,0,0,0,Minnesota_Voyageurs,den,nw,1,0,0,0.225308038,1,0,1,0,1,8,0.007657384,2.438781042,-92.69806644,48.40028387
V055_V051_rend_2017,V055_V051,Sheep Ranch,GW,wolf,1,0,0,0,Minnesota_Voyageurs,rend,nw,0,1,0,0.061728395,0,0,1,0,1,8,0.013947353,2.034264685,-92.82062544,48.31594895
V060_V062_rend_2018,V060_V062,Bowman Bay,GW,wolf,1,0,0,0,Minnesota_Voyageurs,rend,nw,0,1,0,0.272585972,0,0,1,0,1,8,0.133904779,2.505898697,-93.03301626,48.41190828
M1402_M1403_winter_2013_2014,M1402_M1403,Tandsjon,GW,wolf,1,0,0,0,Norway_Sweden,winter,winter,0,0,1,0.197183099,0,0,1,1,1,8,0.047554272,1.677900809,14.25315754,61.71744009
M0903_M0902_winter_2008_2009,M0903_M0902,Galven,GW,wolf,1,0,0,0,Norway_Sweden,winter,winter,0,0,1,0.188392678,0,0,1,1,1,8,0.132190214,1.694840323,15.88998969,61.50664583
M0903_M0901_winter_2008_2009,M0903_M0901,Galven,GW,wolf,1,0,0,0,Norway_Sweden,winter,winter,0,0,1,0.245559236,0,0,1,1,1,8,0.133768704,1.699897974,15.9519368,61.50986016
M0902_M0901_winter_2008_2009,M0902_M0901,Galven,GW,wolf,1,0,0,0,Norway_Sweden,winter,winter,0,0,1,0.186649384,0,0,1,1,1,8,0.129671612,1.700615998,15.93671762,61.51305404
M0903_M0914_den_2009,M0903_M0914,Galven,GW,wolf,1,0,0,0,Norway_Sweden,den,nw,1,0,0,0.692307692,1,0,1,1,1,8,0.128188686,1.806286636,16.15541008,61.5745606
M0903_M0914_rend_2009,M0903_M0914,Galven,GW,wolf,1,0,0,0,Norway_Sweden,rend,nw,0,1,0,0.405845946,1,0,1,1,1,8,0.144225931,1.925574813,16.11949406,61.55080192
W025_W026_winter_2008_2009,W025_W026,onion,GW,wolf,1,0,0,0,British_Columbia_E,winter,winter,0,0,1,0.636363636,0,1,1,1,1,8,0.022564032,1.457360253,-120.9582749,54.79544969
BW1633_BW1634_winter_2016_2017,BW1633_BW1634,Shirley,EW,wolf,0,1,0,0,Ontario_Algonquin_Kawartha,winter,winter,0,0,1,0.381733021,0,0,1,0,1,8,0.008978013,2.106163549,-78.09172687,45.69650526
W1441_W1550_winter_2016_2017,W1441_W1550,Hoodoo,GW,wolf,1,0,0,0,Arizona_NewMexico,winter,winter,0,0,1,0.690488173,0,0,1,1,0,8,0.041671537,2.174804806,-109.3105127,33.93998021
W1441_W1550_rend_2016,W1441_W1550,Hoodoo,GW,wolf,1,0,0,0,Arizona_NewMexico,rend,nw,0,1,0,0.518394649,0,0,1,1,0,8,0.036978378,2.051706587,-109.3042749,33.90774778
w140014_w140015_winter_2014_2015,w140014_w140015,Southend,GW,wolf,1,0,0,0,Sasketchewan_N,winter,winter,0,0,1,0.725826193,1,0,1,0,1,8,0.000667097,2.198206239,-103.6366568,56.50893674
w140014_w140015_winter_2013_2014,w140014_w140015,Southend,GW,wolf,1,0,0,0,Sasketchewan_N,winter,winter,0,0,1,0.897086502,0,0,1,0,1,8,0.000177084,2.243257046,-103.3628382,56.62764558
w140014_w140015_rend_2014,w140014_w140015,Southend,GW,wolf,1,0,0,0,Sasketchewan_N,rend,nw,0,1,0,0.205585543,1,0,1,0,1,8,0.000732693,2.056055113,-103.755942,56.46463054
w140014_w140015_den_2014,w140014_w140015,Southend,GW,wolf,1,0,0,0,Sasketchewan_N,den,nw,1,0,0,0.189716565,1,0,1,0,1,8,0.001083371,2.065495449,-103.6657109,56.43787744
rw11749M_rw11750M_winter_2009_2010,rw11749M_rw11750M,Swindell,RW,wolf,0,0,1,0,NorthCarolina_AlligatorNWR,winter,winter,0,0,1,0.310948081,0,1,1,0,1,8,0.145195089,2.730068777,-76.35901727,35.46921379
K005_K009_winter_2000_2001,K005_K009,Cutbank,GW,wolf,1,0,0,0,Alberta_W_above,winter,winter,0,0,1,0.654012079,1,1,1,1,1,8,0.045189993,1.786551999,-118.8498062,54.12098604
K019_K021_winter_2000_2001,K019_K021,Cutbank,GW,wolf,1,0,0,0,Alberta_W_above,winter,winter,0,0,1,0.821782178,0,1,1,1,1,8,0.089462728,1.90296232,-119.1213078,54.4154676
w1128_w1329_winter_2007_2008,w1128_w1329,amyot,GW,wolf,1,0,0,0,Sasketchewan_Prince_Albert,winter,winter,0,0,1,0.435849057,1,0,1,0,1,8,0.001940055,2.149056488,-106.5999795,53.69638056
w1128_w1329_winter_2006_2007,w1128_w1329,amyot,GW,wolf,1,0,0,0,Sasketchewan_Prince_Albert,winter,winter,0,0,1,0.418207681,1,0,1,0,1,8,0.00062139,2.18334356,-106.5944561,53.70264431
w1128_w1329_rend_2007,w1128_w1329,amyot,GW,wolf,1,0,0,0,Sasketchewan_Prince_Albert,rend,nw,0,1,0,0.255954631,1,0,1,0,1,8,0.00160521,2.101586443,-106.6206948,53.69257152
w1128_w1329_den_2007,w1128_w1329,amyot,GW,wolf,1,0,0,0,Sasketchewan_Prince_Albert,den,nw,1,0,0,0.26552795,1,0,1,0,1,8,0.003157569,2.292197157,-106.6108411,53.68921145
BW1302_BW1605_winter_2016_2017,BW1302_BW1605,John Hansen,GW,wolf,1,0,0,0,Alaska_Denali,winter,winter,0,0,1,0.853333333,1,0,1,1,1,8,0.000270728,2.057476886,-152.2112532,63.72004208
BW1702_BW1705_rend_2017,BW1702_BW1705,Comb,GW,wolf,1,0,0,0,Alaska_Denali,rend,nw,0,1,0,0.616666667,0,0,1,1,1,8,0.000716785,1.759155275,-149.5990788,63.94585245
BW1702_BW1705_den_2017,BW1702_BW1705,Comb,GW,wolf,1,0,0,0,Alaska_Denali,den,nw,1,0,0,0.6,0,0,1,1,1,8,0.000345864,2.153711222,-149.6393389,63.95216296
M0109_M0110_winter_2003_2004,M0109_M0110,Grafjell,GW,wolf,1,0,0,0,Norway_Sweden,winter,winter,0,0,1,0.522678186,1,0,0,1,1,7,0.11932841,1.813114279,11.44178259,61.3373352
M1110_M1108_winter_2011_2012,M1110_M1108,Rotna,GW,wolf,1,0,0,0,Norway_Sweden,winter,winter,0,0,1,0.361111111,0,0,0,1,1,7,0.118580396,1.59566664,12.47067606,60.51608629
M1108_M1111_winter_2011_2012,M1108_M1111,Rotna,GW,wolf,1,0,0,0,Norway_Sweden,winter,winter,0,0,1,0.192307692,0,0,0,1,1,7,0.122662501,1.668128328,12.45625563,60.53288878
M1110_M1111_winter_2011_2012,M1110_M1111,Rotna,GW,wolf,1,0,0,0,Norway_Sweden,winter,winter,0,0,1,0.232142857,0,0,0,1,1,7,0.129635279,1.670953227,12.47133105,60.51627797
M0109_M0110_rend_2003,M0109_M0110,Grafjell,GW,wolf,1,0,0,0,Norway_Sweden,rend,nw,0,1,0,0.373401535,1,0,0,1,1,7,0.102360289,1.943333775,11.44117427,61.39425125
M1110_M1111_rend_2011,M1110_M1111,Rotna,GW,wolf,1,0,0,0,Norway_Sweden,rend,nw,0,1,0,0.40991288,0,0,0,1,1,7,0.117904037,1.631394604,12.46923485,60.53747381
M1110_M1108_rend_2011,M1110_M1108,Rotna,GW,wolf,1,0,0,0,Norway_Sweden,rend,nw,0,1,0,0.326160077,0,0,0,1,1,7,0.124364033,1.632616645,12.45617728,60.52473153
M1108_M1111_rend_2011,M1108_M1111,Rotna,GW,wolf,1,0,0,0,Norway_Sweden,rend,nw,0,1,0,0.322580645,0,0,0,1,1,7,0.116722422,1.632995665,12.48164,60.52665494
W923_W1444_winter_2015_2016,W923_W1444,Dark Canyon,GW,wolf,1,0,0,0,Arizona_NewMexico,winter,winter,0,0,1,0.736604543,0,0,1,1,0,7,0.038544306,2.21602141,-108.6876043,33.46541689
Mich01_Mich04_winter_2015_2016,Mich01_Mich04,Mich,GW,wolf,1,0,0,0,Ontario_Michipicoten,winter,winter,0,0,1,0.548468548,1,0,0,0,1,7,0.008709917,1.957577737,-85.77830409,47.73313174
Mich03_Mich04_winter_2015_2016,Mich03_Mich04,Mich,GW,wolf,1,0,0,0,Ontario_Michipicoten,winter,winter,0,0,1,0.569866557,1,0,0,0,1,7,0.008033214,1.958568364,-85.77781299,47.73318969
Mich02_Mich04_winter_2015_2016,Mich02_Mich04,Mich,GW,wolf,1,0,0,0,Ontario_Michipicoten,winter,winter,0,0,1,0.545125378,1,0,0,0,1,7,0.008032032,1.958576983,-85.77837439,47.73337898
Mich01_Mich03_winter_2015_2016,Mich01_Mich03,Mich,GW,wolf,1,0,0,0,Ontario_Michipicoten,winter,winter,0,0,1,0.859437513,1,0,0,0,1,7,0.007317807,1.962069139,-85.78413225,47.73690867
Mich02_Mich03_winter_2015_2016,Mich02_Mich03,Mich,GW,wolf,1,0,0,0,Ontario_Michipicoten,winter,winter,0,0,1,0.818780728,1,0,0,0,1,7,0.007268129,1.962969941,-85.78572753,47.73648047
Mich01_Mich02_winter_2015_2016,Mich01_Mich02,Mich,GW,wolf,1,0,0,0,Ontario_Michipicoten,winter,winter,0,0,1,0.82629502,1,0,0,0,1,7,0.006521276,1.96626498,-85.78536017,47.73997503
Mich01_Mich02_rend_2015,Mich01_Mich02,Mich,GW,wolf,1,0,0,0,Ontario_Michipicoten,rend,nw,0,1,0,0.565985388,1,0,0,0,1,7,0.002101587,1.944899557,-85.78491527,47.74943226
Mich02_Mich03_rend_2015,Mich02_Mich03,Mich,GW,wolf,1,0,0,0,Ontario_Michipicoten,rend,nw,0,1,0,0.617021277,1,0,0,0,1,7,0.001815992,1.95947423,-85.78931282,47.74803183
Mich01_Mich03_rend_2015,Mich01_Mich03,Mich,GW,wolf,1,0,0,0,Ontario_Michipicoten,rend,nw,0,1,0,0.622222222,1,0,0,0,1,7,0.000744519,1.961455346,-85.80592982,47.74773009
Mich02_Mich04_den_2016,Mich02_Mich04,Mich,GW,wolf,1,0,0,0,Ontario_Michipicoten,den,nw,1,0,0,0.270157884,1,0,0,0,1,7,0.000926738,1.965402205,-85.77097919,47.74032253
Mich01_Mich04_den_2016,Mich01_Mich04,Mich,GW,wolf,1,0,0,0,Ontario_Michipicoten,den,nw,1,0,0,0.255244755,1,0,0,0,1,7,0.000866812,1.9682568,-85.77544656,47.74209314
Mich03_Mich04_den_2016,Mich03_Mich04,Mich,GW,wolf,1,0,0,0,Ontario_Michipicoten,den,nw,1,0,0,0.265644216,1,0,0,0,1,7,0.000812417,2.009156271,-85.78978021,47.74613593
Mich01_Mich02_den_2016,Mich01_Mich02,Mich,GW,wolf,1,0,0,0,Ontario_Michipicoten,den,nw,1,0,0,0.569023569,1,0,0,0,1,7,0.000353132,2.012129889,-85.78625216,47.74654977
Mich02_Mich03_den_2016,Mich02_Mich03,Mich,GW,wolf,1,0,0,0,Ontario_Michipicoten,den,nw,1,0,0,0.69140625,1,0,0,0,1,7,0.000305683,2.015039196,-85.80156582,47.74733125
Mich01_Mich03_den_2016,Mich01_Mich03,Mich,GW,wolf,1,0,0,0,Ontario_Michipicoten,den,nw,1,0,0,0.599156118,1,0,0,0,1,7,0.000465078,2.017814923,-85.79312023,47.74959777
w7248_w7264_winter_2017_2018,w7248_w7264,PikeB,GW,wolf,1,0,0,0,Minnesota_N_central,winter,winter,0,0,1,0.74796748,1,0,1,0,1,7,0.04626501,2.046847518,-91.56946205,47.66463482
w7248_w7264_rend_2017,w7248_w7264,PikeB,GW,wolf,1,0,0,0,Minnesota_N_central,rend,nw,0,1,0,0.327868852,1,0,1,0,1,7,0.04175981,1.973483642,-91.54124514,47.66231299
rw11766M_rw11768F_winter_2009_2010,rw11766M_rw11768F,Kilkenny,RW,wolf,0,0,1,0,NorthCarolina_AlligatorNWR,winter,winter,0,0,1,0.227712137,0,1,1,0,1,7,0.327996492,2.760320161,-76.2683459,35.65673336
W32267_W32253_winter_2011_2012,W32267_W32253,South Athabasca,GW,wolf,1,0,0,0,Alberta_NE,winter,winter,0,0,1,0.479498475,1,0,1,1,1,7,0.083556111,2.232459012,-111.6196779,56.65098069
BW1604_BW1802_winter_2017_2018,BW1604_BW1802,Eagle Gorge,GW,wolf,1,0,0,0,Alaska_Denali,winter,winter,0,0,1,0.786821705,1,0,1,1,1,7,0.00176289,1.342236369,-150.636668,63.52931547
BW1208_BW1405_den_2015,BW1208_BW1405,Iron Creek West,GW,wolf,1,0,0,0,Alaska_Denali,den,nw,1,0,0,0.428571429,1,0,1,1,1,7,0,1.557873588,-151.3301747,63.22909196
BW1208_BW1405_rend_2015,BW1208_BW1405,Iron Creek West,GW,wolf,1,0,0,0,Alaska_Denali,rend,nw,0,1,0,0.613636364,1,0,1,1,1,7,0,1.65534488,-151.4001044,63.23311193
BW1302_BW1707_rend_2017,BW1302_BW1707,John Hansen,GW,wolf,1,0,0,0,Alaska_Denali,rend,nw,0,1,0,0.653846154,1,0,1,1,1,7,0.000712049,1.793420512,-152.1864929,63.70093662
BW1202_BW1406_den_2016,BW1202_BW1406,Riley Creek,GW,wolf,1,0,0,0,Alaska_Denali,den,nw,1,0,0,0.513513514,1,0,1,1,1,7,0.001586652,1.825231561,-149.3930761,63.63516026
BW1202_BW1406_rend_2016,BW1202_BW1406,Riley Creek,GW,wolf,1,0,0,0,Alaska_Denali,rend,nw,0,1,0,0.645454545,1,0,1,1,1,7,0.003802424,1.989163109,-149.2774128,63.66987794
W046_W200_winter_2006_2007,W046_W200,Jocko,EW,wolf,0,1,0,0,Ontario_Algonquin_Kawartha,winter,winter,0,0,1,0.383423061,1,0,1,1,1,7,0.00826076,1.754469832,-77.88049858,45.80227923
W06_W07_rend_2010,W06_W07,7-Mile Marsh Pack,GW,wolf,1,0,0,0,Michigan_S_UP,rend,nw,0,1,0,0.146677779,1,0,1,0,1,7,0.193265998,2.110531007,-87.40797875,45.61195079
W06_W07_den_2010,W06_W07,7-Mile Marsh Pack,GW,wolf,1,0,0,0,Michigan_S_UP,den,nw,1,0,0,0.168686584,1,0,1,0,1,7,0.175720407,2.320311355,-87.40011744,45.6048885
V046_V034_den_2017,V046_V034,Bowman Bay,GW,wolf,1,0,0,0,Minnesota_Voyageurs,den,nw,1,0,0,0.387096774,1,0,1,0,1,6,0.045781029,2.070854953,-92.9850005,48.40524501
M0904_M0906_winter_2008_2009,M0904_M0906,Fulufjellet,GW,wolf,1,0,0,0,Norway_Sweden,winter,winter,0,0,1,0.845619767,1,0,1,1,1,6,0.077700911,1.565520589,13.08499736,61.42637831
M0109_M0110_winter_2002_2003,M0109_M0110,Grafjell,GW,wolf,1,0,0,0,Norway_Sweden,winter,winter,0,0,1,0.762208068,1,0,0,1,1,6,0.106602484,1.907838473,11.39471265,61.36090149
M0907_M0909_winter_2008_2009,M0907_M0909,Fulufjellet,GW,wolf,1,0,0,0,Norway_Sweden,winter,winter,0,0,1,0.24137931,0,0,1,1,1,6,0.096488149,1.538634294,13.08461069,61.46133397
M0906_M0909_winter_2008_2009,M0906_M0909,Fulufjellet,GW,wolf,1,0,0,0,Norway_Sweden,winter,winter,0,0,1,0.283333333,0,0,1,1,1,6,0.095932689,1.538974198,13.085726,61.46117292
M0904_M0909_winter_2008_2009,M0904_M0909,Fulufjellet,GW,wolf,1,0,0,0,Norway_Sweden,winter,winter,0,0,1,0.266666667,0,0,1,1,1,6,0.097571219,1.539331026,13.08311429,61.46108378
M0908_M0909_winter_2008_2009,M0908_M0909,Fulufjellet,GW,wolf,1,0,0,0,Norway_Sweden,winter,winter,0,0,1,0.395833333,0,0,1,1,1,6,0.092458046,1.541943469,13.11108358,61.46415146
M0907_M0908_winter_2008_2009,M0907_M0908,Fulufjellet,GW,wolf,1,0,0,0,Norway_Sweden,winter,winter,0,0,1,0.412280702,0,0,1,1,1,6,0.086205131,1.554716955,13.09876279,61.43117545
M0904_M0908_winter_2008_2009,M0904_M0908,Fulufjellet,GW,wolf,1,0,0,0,Norway_Sweden,winter,winter,0,0,1,0.323234448,0,0,1,1,1,6,0.080444844,1.560180189,13.11004033,61.42706141
M0904_M0907_winter_2008_2009,M0904_M0907,Fulufjellet,GW,wolf,1,0,0,0,Norway_Sweden,winter,winter,0,0,1,0.616832133,0,0,1,1,1,6,0.080196969,1.561729881,13.10471337,61.41663491
M0906_M0907_winter_2008_2009,M0906_M0907,Fulufjellet,GW,wolf,1,0,0,0,Norway_Sweden,winter,winter,0,0,1,0.627272727,0,0,1,1,1,6,0.080267351,1.561951394,13.10368091,61.41815405
M0906_M0908_winter_2008_2009,M0906_M0908,Fulufjellet,GW,wolf,1,0,0,0,Norway_Sweden,winter,winter,0,0,1,0.261208577,0,0,1,1,1,6,0.086368137,1.58368371,13.0698785,61.43407848
M0110_M0302_winter_2002_2003,M0110_M0302,Grafjell,GW,wolf,1,0,0,0,Norway_Sweden,winter,winter,0,0,1,0.315144766,0,0,0,1,1,6,0.104094185,1.907032528,11.40047992,61.35595512
M0109_M0302_winter_2002_2003,M0109_M0302,Grafjell,GW,wolf,1,0,0,0,Norway_Sweden,winter,winter,0,0,1,0.339853301,0,0,0,1,1,6,0.102546284,1.909359918,11.37157369,61.3675712
M0301_M0302_winter_2002_2003,M0301_M0302,Grafjell,GW,wolf,1,0,0,0,Norway_Sweden,winter,winter,0,0,1,0.252427184,0,0,0,1,1,6,0.11068062,1.9201149,11.3905212,61.35628788
M0109_M0110_den_2003,M0109_M0110,Grafjell,GW,wolf,1,0,0,0,Norway_Sweden,den,nw,1,0,0,0.4,1,0,0,1,1,6,0.09993635,1.712674878,11.38609612,61.40541613
BW1619_BW1709_winter_2017_2018,BW1619_BW1709,Cameron,GW,wolf,1,0,0,0,Ontario_Algonquin_Kawartha,winter,winter,0,0,1,0.706521739,1,0,1,1,1,6,0.012295685,1.666949901,-78.23108438,45.62088308
BW1709_BW1807_winter_2017_2018,BW1709_BW1807,Cameron,GW,wolf,1,0,0,0,Ontario_Algonquin_Kawartha,winter,winter,0,0,1,0.280732498,1,0,1,1,1,6,0.011323534,1.744439399,-78.2386994,45.63719714
BPW1701_BPW1703_winter_2016_2017,BPW1701_BPW1703,Oxtongue,EW,wolf,0,1,0,0,Ontario_Algonquin_Kawartha,winter,winter,0,0,1,0.511111111,1,0,1,1,1,6,0.028965859,1.898705563,-78.85010534,45.46548977
BW1619_BW1709_rend_2017,BW1619_BW1709,Cameron,GW,wolf,1,0,0,0,Ontario_Algonquin_Kawartha,rend,nw,0,1,0,0.202247191,1,0,1,1,1,6,0.016602964,1.665393395,-78.2294379,45.61188617
BW1709_BW1807_den_2018,BW1709_BW1807,Cameron,GW,wolf,1,0,0,0,Ontario_Algonquin_Kawartha,den,nw,1,0,0,0.374859708,1,0,1,1,1,6,0.015094061,1.719696738,-78.23090668,45.61876082
BPW1701_BPW1703_den_2017,BPW1701_BPW1703,Oxtongue,EW,wolf,0,1,0,0,Ontario_Algonquin_Kawartha,den,nw,1,0,0,0.223730103,1,0,1,1,1,6,0.016123413,1.84935787,-78.83152804,45.49108295
BW1709_BW1807_rend_2018,BW1709_BW1807,Cameron,GW,wolf,1,0,0,0,Ontario_Algonquin_Kawartha,rend,nw,0,1,0,0.134897361,1,0,1,1,1,6,0.014526418,1.881961048,-78.22823048,45.62737436
BQE1404_BQE1527_rend_2015,BQE1404_BQE1527,Bob Caygeon,EW,wolf,0,1,0,0,Ontario_Algonquin_Kawartha,rend,nw,0,1,0,0.062154696,0,1,1,0,1,6,0.040073478,1.765798865,-78.8704278,44.95372729
BQE1404_BQE1529_rend_2015,BQE1404_BQE1529,Bob Caygeon,EW,wolf,0,1,0,0,Ontario_Algonquin_Kawartha,rend,nw,0,1,0,0.347094801,0,1,1,0,1,6,0.041229598,1.795903857,-78.87291562,44.95544436
W1383_W1453_winter_2015_2016,W1383_W1453,Hawks Nest,GW,wolf,1,0,0,0,Arizona_NewMexico,winter,winter,0,0,1,0.856275304,0,0,1,1,0,6,0.038446601,1.998807963,-109.314415,34.02300057
W1471_W1671_winter_2017_2018,W1471_W1671,Elk Horn,GW,wolf,1,0,0,0,Arizona_NewMexico,winter,winter,0,0,1,0.850746269,0,0,1,1,0,6,0.037254616,2.216870151,-109.0832194,33.96257902
W1278_W1555_winter_2017_2018,W1278_W1555,Iron Creek,GW,wolf,1,0,0,0,Arizona_NewMexico,winter,winter,0,0,1,0.518518519,0,0,1,1,0,6,0.035546781,2.507425475,-108.573701,33.43814658
W1556_W1555_winter_2017_2018,W1556_W1555,Iron Creek,GW,wolf,1,0,0,0,Arizona_NewMexico,winter,winter,0,0,1,0.222222222,0,0,1,1,0,6,0.03343509,2.565803946,-108.3942782,33.44750604
W1555_W1670_winter_2017_2018,W1555_W1670,Iron Creek,GW,wolf,1,0,0,0,Arizona_NewMexico,winter,winter,0,0,1,0.582887701,0,0,1,1,0,6,0.036946431,2.583871423,-108.590702,33.44336526
W1555_W1670_den_2018,W1555_W1670,Iron Creek,GW,wolf,1,0,0,0,Arizona_NewMexico,den,nw,1,0,0,0.578431373,1,0,1,1,0,6,0.039774683,2.738386206,-108.6180756,33.4365571
W1383_W1439_rend_2015,W1383_W1439,Hawks Nest,GW,wolf,1,0,0,0,Arizona_NewMexico,rend,nw,0,1,0,0.48962011,0,0,1,1,0,6,0.03639786,1.998754358,-109.3389428,34.01732577
W1550_W1333_rend_2017,W1550_W1333,Hoodoo,GW,wolf,1,0,0,0,Arizona_NewMexico,rend,nw,0,1,0,0.675,0,0,1,1,0,6,0.040153229,2.011436906,-109.2848831,33.93225247
W1333_W1677_den_2018,W1333_W1677,Hoodoo,GW,wolf,1,0,0,0,Arizona_NewMexico,den,nw,1,0,0,0.450549451,0,0,1,1,0,6,0.0384622,2.568330179,-109.3235559,33.93323258
W1333_W1681_den_2018,W1333_W1681,Hoodoo,GW,wolf,1,0,0,0,Arizona_NewMexico,den,nw,1,0,0,0.540229885,0,0,1,1,0,6,0.037939418,2.568645837,-109.3205168,33.93236719
W1550_W1571_den_2018,W1550_W1571,Hoodoo,GW,wolf,1,0,0,0,Arizona_NewMexico,den,nw,1,0,0,0.945945946,0,0,1,1,0,6,0.047669773,2.596834101,-109.2256232,33.88322523
ER_W_42_ER_W_49_winter_2018_2019,ER_W_42_ER_W_49,Frenchman,GW,wolf,1,0,0,0,Manitoba_E_Winnipeg,winter,winter,0,0,1,0.858823529,1,1,1,1,1,6,0.001945172,2.282565887,-95.54098395,50.71902851
w140004_w140009_winter_2015_2016,w140004_w140009,Brabant,GW,wolf,1,0,0,0,Sasketchewan_N,winter,winter,0,0,1,0.798091764,1,0,1,0,1,6,0.000545758,2.142878406,-104.1174649,56.04837202
w140004_w140009_winter_2013_2014,w140004_w140009,Brabant,GW,wolf,1,0,0,0,Sasketchewan_N,winter,winter,0,0,1,0.644128114,1,0,1,0,1,6,2.05E-05,2.20519241,-103.885467,55.912002
w140020_w140021_winter_2014_2015,w140020_w140021,Geikie,GW,wolf,1,0,0,0,Sasketchewan_N,winter,winter,0,0,1,0.880434783,1,0,1,0,1,6,0,2.931134794,-104.5496221,57.26760733
w140004_w140009_den_2014,w140004_w140009,Brabant,GW,wolf,1,0,0,0,Sasketchewan_N,den,nw,1,0,0,0.235555556,1,0,1,0,1,6,7.60E-05,2.092268519,-103.9105063,55.92067786
W14-Noah_W15-Grga_winter_2006_2007,W14-Noah_W15-Grga,Suho,GW,wolf,1,0,0,0,Croatia_Slovenia,winter,winter,0,0,1,0.381028939,0,0,1,1,0,6,0.230066676,1.939005493,14.45571527,45.47904141
W704_W705_winter_2016_2017,W704_W705,Buffalo Lake,GW,wolf,1,0,0,0,NWT_GreatSlaveLake,winter,winter,0,0,1,0.688311688,1,1,1,0,1,6,5.28E-05,2.07213639,-115.4356302,60.4398879
W409_W412_winter_2011_2012,W409_W412,Tundra4,GW,wolf,1,0,0,0,NWT_NE,winter,winter,0,0,1,0.535083084,1,0,0,0,1,6,0.003070226,2.079574588,-112.2278448,64.74245273
W32257_W32264_winter_2011_2012,W32257_W32264,North,GW,wolf,1,0,0,0,Alberta_NE,winter,winter,0,0,1,0.519444444,1,0,1,1,1,6,0.060355843,2.035302666,-111.8156644,57.4875627
W32256_W32264_winter_2011_2012,W32256_W32264,North,GW,wolf,1,0,0,0,Alberta_NE,winter,winter,0,0,1,0.689829606,1,0,1,1,1,6,0.067488507,2.044868859,-111.8145198,57.48203945
W32256_W32257_winter_2011_2012,W32256_W32257,North,GW,wolf,1,0,0,0,Alberta_NE,winter,winter,0,0,1,0.46749409,1,0,1,1,1,6,0.069967605,2.054215393,-111.8085205,57.48620214
W32251_W32262_winter_2011_2012,W32251_W32262,McLelland,GW,wolf,1,0,0,0,Alberta_NE,winter,winter,0,0,1,0.41553288,1,0,1,1,1,6,0.374980351,2.140634695,-111.5438453,57.37020441
W32255_W32270_winter_2012_2013,W32255_W32270,Grand Rapids,GW,wolf,1,0,0,0,Alberta_NE,winter,winter,0,0,1,0.776685091,1,0,1,1,1,6,0.001298938,2.199215229,-111.9397918,56.57773218
W32255_W32270_winter_2011_2012,W32255_W32270,Grand Rapids,GW,wolf,1,0,0,0,Alberta_NE,winter,winter,0,0,1,0.718474239,1,0,1,1,1,6,0.000418509,2.248772983,-112.0090809,56.61982576
W32251_W32262_winter_2012_2013,W32251_W32262,McLelland,GW,wolf,1,0,0,0,Alberta_NE,winter,winter,0,0,1,0.772609819,1,0,1,1,1,6,0.361344678,2.31664061,-111.5600157,57.38449916
W32257_W32264_rend_2012,W32257_W32264,North,GW,wolf,1,0,0,0,Alberta_NE,rend,nw,0,1,0,0.273809524,1,0,1,1,1,6,0.040276783,1.911556393,-111.8367458,57.48729272
W32256_W32257_rend_2012,W32256_W32257,North,GW,wolf,1,0,0,0,Alberta_NE,rend,nw,0,1,0,0.282485876,1,0,1,1,1,6,0.027807305,1.915072437,-111.8316696,57.49748195
W32256_W32264_den_2012,W32256_W32264,North,GW,wolf,1,0,0,0,Alberta_NE,den,nw,1,0,0,0.439564622,1,0,1,1,1,6,0.068061466,1.945762367,-111.8197589,57.48327528
W32256_W32257_den_2012,W32256_W32257,North,GW,wolf,1,0,0,0,Alberta_NE,den,nw,1,0,0,0.481051922,1,0,1,1,1,6,0.058934706,1.946196475,-111.824232,57.48307533
W32257_W32264_den_2012,W32257_W32264,North,GW,wolf,1,0,0,0,Alberta_NE,den,nw,1,0,0,0.374411409,1,0,1,1,1,6,0.072045978,1.947831653,-111.8201527,57.48346276
W32251_W32262_den_2012,W32251_W32262,McLelland,GW,wolf,1,0,0,0,Alberta_NE,den,nw,1,0,0,0.289534155,1,0,1,1,1,6,0.266060592,2.078715118,-111.4919552,57.3993385
W32256_W32264_rend_2012,W32256_W32264,North,GW,wolf,1,0,0,0,Alberta_NE,rend,nw,0,1,0,0.471971398,1,0,1,1,1,6,0.069824122,2.108962381,-111.8266217,57.48321487
W32255_W32270_den_2012,W32255_W32270,Grand Rapids,GW,wolf,1,0,0,0,Alberta_NE,den,nw,1,0,0,0.40112339,1,0,1,1,1,6,0.002512849,2.170302357,-112.043419,56.6459382
W32255_W32270_rend_2012,W32255_W32270,Grand Rapids,GW,wolf,1,0,0,0,Alberta_NE,rend,nw,0,1,0,0.464444444,1,0,1,1,1,6,0.033498399,2.373833437,-112.0305712,56.68222285
W32251_W32262_rend_2012,W32251_W32262,McLelland,GW,wolf,1,0,0,0,Alberta_NE,rend,nw,0,1,0,0.157067077,1,0,1,1,1,6,0.366874629,2.586610356,-111.5361618,57.35610959
BW1404_BW1501_winter_2015_2016,BW1404_BW1501,Grant Creek,GW,wolf,1,0,0,0,Alaska_Denali,winter,winter,0,0,1,0.961373391,1,0,1,1,1,6,0.002935919,1.852282988,-149.4858918,63.52611437
BW1504_BW1603_winter_2015_2016,BW1504_BW1603,Myrtle,GW,wolf,1,0,0,0,Alaska_Denali,winter,winter,0,0,1,0.838235294,1,0,1,1,1,6,0.000560408,1.928411338,-150.720095,63.55992792
BW1503_BW1603_winter_2015_2016,BW1503_BW1603,Myrtle,GW,wolf,1,0,0,0,Alaska_Denali,winter,winter,0,0,1,0.721518987,1,0,1,1,1,6,0.000555945,1.943644899,-150.7335983,63.56748798
BW1503_BW1504_winter_2015_2016,BW1503_BW1504,Myrtle,GW,wolf,1,0,0,0,Alaska_Denali,winter,winter,0,0,1,0.779527559,1,0,1,1,1,6,0.001037792,1.946334923,-150.7832341,63.56122636
BW1208_BW1405_winter_2014_2015,BW1208_BW1405,Iron Creek West,GW,wolf,1,0,0,0,Alaska_Denali,winter,winter,0,0,1,0.901960784,1,0,1,1,1,6,0,1.966386778,-151.5751621,63.17631056
BW1202_BW1406_winter_2014_2015,BW1202_BW1406,Riley Creek,GW,wolf,1,0,0,0,Alaska_Denali,winter,winter,0,0,1,0.863636364,1,0,1,1,1,6,0.010293155,2.270124255,-149.092265,63.65067607
BW1501_BW1602_winter_2015_2016,BW1501_BW1602,Grant Creek,GW,wolf,1,0,0,0,Alaska_Denali,winter,winter,0,0,1,0.833333333,0,0,1,1,1,6,0.00189729,1.801379879,-149.7001765,63.53010729
BW1404_BW1602_winter_2015_2016,BW1404_BW1602,Grant Creek,GW,wolf,1,0,0,0,Alaska_Denali,winter,winter,0,0,1,0.83902439,0,0,1,1,1,6,0.002467212,1.829661761,-149.6361798,63.56702879
BW1404_BW1501_den_2016,BW1404_BW1501,Grant Creek,GW,wolf,1,0,0,0,Alaska_Denali,den,nw,1,0,0,0.214285714,1,0,1,1,1,6,0.002381526,1.717280826,-149.7458174,63.44523464
BW1404_BW1501_rend_2016,BW1404_BW1501,Grant Creek,GW,wolf,1,0,0,0,Alaska_Denali,rend,nw,0,1,0,0.564516129,1,0,1,1,1,6,0.002008528,1.874142879,-149.7587376,63.53187974
BW1503_BW1504_rend_2016,BW1503_BW1504,Myrtle,GW,wolf,1,0,0,0,Alaska_Denali,rend,nw,0,1,0,0.552631579,1,0,1,1,1,6,0.000981193,1.894998945,-150.7059848,63.53459084
BW1501_BW1602_rend_2016,BW1501_BW1602,Grant Creek,GW,wolf,1,0,0,0,Alaska_Denali,rend,nw,0,1,0,0.350877193,0,0,1,1,1,6,0.002246888,1.870502054,-149.8222691,63.54021609
BW1404_BW1602_rend_2016,BW1404_BW1602,Grant Creek,GW,wolf,1,0,0,0,Alaska_Denali,rend,nw,0,1,0,0.472340426,0,0,1,1,1,6,0.002036805,1.872367472,-149.8042474,63.55425825
W214_W224_winter_2008_2009,W214_W224,Potter,EW,wolf,0,1,0,0,Ontario_Algonquin_Kawartha,winter,winter,0,0,1,0.523662002,1,0,1,1,1,6,0.008764363,1.539460317,-78.80717716,45.59699684
WO106_WO107_rend_2014,WO106_WO107,Deer Lake Pack,GW,wolf,1,0,0,0,Michigan_N_UP,rend,nw,0,1,0,0.203699674,0,0,1,0,1,6,0.041717412,1.794410379,-88.36454636,46.26505122
BCW26819_BCW32120_winter_2018_2019,BCW26819_BCW32120,Tagai Lake,GW,wolf,1,0,0,0,BritishColumbia_W_PrinceGeorge,winter,winter,0,0,1,0.441924078,1,0,1,1,1,6,0.026151707,1.848551874,-123.815528,53.44816394
BCW26819_BCW32120_rend_2019,BCW26819_BCW32120,Tagai Lake,GW,wolf,1,0,0,0,BritishColumbia_W_PrinceGeorge,rend,nw,0,1,0,0.4322156,1,0,1,1,1,6,0.026241631,1.738596922,-123.9266023,53.45117977
BCW26819_BCW32120_den_2019,BCW26819_BCW32120,Tagai Lake,GW,wolf,1,0,0,0,BritishColumbia_W_PrinceGeorge,den,nw,1,0,0,0.269324654,1,0,1,1,1,6,0.025416691,1.838723289,-123.8895294,53.41265725
BW1623_BW1708_winter_2016_2017,BW1623_BW1708,White Partridge,Admixed,wolf,0,0,0,1,Ontario_Algonquin_Kawartha,winter,winter,0,0,1,0.733624454,1,0,1,1,1,5,0.007287955,1.959011773,-78.09351892,45.84682911
BW1623_BW1708_den_2017,BW1623_BW1708,White Partridge,,wolf,0,0,0,1,Ontario_Algonquin_Kawartha,den,nw,1,0,0,0.471014493,1,0,1,1,1,5,0.008081462,1.858776258,-78.08593151,45.82786844
W913_W21885_winter_2016_2017,W913_W21885,Ghost Lake,GW,wolf,1,0,0,0,Wisconsin_NW,winter,winter,0,0,1,0.882356485,1,1,1,0,1,5,0.03822678,1.889768403,-90.94246579,46.10976362
W913_W21885_rend_2016,W913_W21885,Ghost Lake,GW,wolf,1,0,0,0,Wisconsin_NW,rend,nw,0,1,0,0.900159936,1,1,1,0,1,5,0.0351967,1.921014525,-91.01690435,46.14027228
W995_W1004_rend_2018,W995_W1004,Log Creek,GW,wolf,1,0,0,0,Wisconsin_NW,rend,nw,0,1,0,0.130523453,0,1,1,0,1,5,0.043808712,2.210746393,-90.70181469,45.89819519
M0610_M0611_winter_2005_2006,M0610_M0611,Grasmark,GW,wolf,1,0,0,0,Norway_Sweden,winter,winter,0,0,1,0.725911827,1,0,0,1,1,5,0.143765635,1.721688993,12.43854485,60.29987252
M1109_M1110_winter_2010_2011,M1109_M1110,Rotna,GW,wolf,1,0,0,0,Norway_Sweden,winter,winter,0,0,1,0.89010989,1,0,0,1,1,5,0.125683567,1.971520325,12.43693334,60.5190757
M1109_M1111_winter_2010_2011,M1109_M1111,Rotna,GW,wolf,1,0,0,0,Norway_Sweden,winter,winter,0,0,1,0.25,0,0,0,1,1,5,0.120960704,1.946714785,12.46737243,60.51560609
M1110_M1111_winter_2010_2011,M1110_M1111,Rotna,GW,wolf,1,0,0,0,Norway_Sweden,winter,winter,0,0,1,0.25,0,0,0,1,1,5,0.121020821,1.946931963,12.46676886,60.5145814
M1108_M1111_winter_2010_2011,M1108_M1111,Rotna,GW,wolf,1,0,0,0,Norway_Sweden,winter,winter,0,0,1,0.13253012,0,0,0,1,1,5,0.123820549,1.969210471,12.44661385,60.52503703
M0610_M0611_rend_2006,M0610_M0611,Grasmark,GW,wolf,1,0,0,0,Norway_Sweden,rend,nw,0,1,0,0.427095496,1,0,0,1,1,5,0.126184951,1.682604689,12.50340316,60.32000511
M0610_M0611_den_2006,M0610_M0611,Grasmark,GW,wolf,1,0,0,0,Norway_Sweden,den,nw,1,0,0,0.389812691,1,0,0,1,1,5,0.096167341,1.717563356,12.61205946,60.29254347
M1109_M1110_den_2011,M1109_M1110,Rotna,GW,wolf,1,0,0,0,Norway_Sweden,den,nw,1,0,0,0.506849315,1,0,0,1,1,5,0.113422848,1.820306933,12.48405715,60.52527023
M1110_M1111_den_2011,M1110_M1111,Rotna,GW,wolf,1,0,0,0,Norway_Sweden,den,nw,1,0,0,0.287596429,0,0,0,1,1,5,0.109086924,1.775341203,12.51590641,60.53149249
M1108_M1111_den_2011,M1108_M1111,Rotna,GW,wolf,1,0,0,0,Norway_Sweden,den,nw,1,0,0,0.352201258,0,0,0,1,1,5,0.107249545,1.803138328,12.51473416,60.53076207
M1110_M1108_den_2011,M1110_M1108,Rotna,GW,wolf,1,0,0,0,Norway_Sweden,den,nw,1,0,0,0.264069264,0,0,0,1,1,5,0.111108494,1.814103619,12.50800394,60.53934964
M1109_M1111_den_2011,M1109_M1111,Rotna,GW,wolf,1,0,0,0,Norway_Sweden,den,nw,1,0,0,0.289473684,0,0,0,1,1,5,0.112905163,1.820435538,12.50054988,60.51760611
M1109_M1108_den_2011,M1109_M1108,Rotna,GW,wolf,1,0,0,0,Norway_Sweden,den,nw,1,0,0,0.255737705,0,0,0,1,1,5,0.112595458,1.820438068,12.48501175,60.52615719
BW1743_BW1745_winter_2017_2018,BW1743_BW1745,Brule,EW,wolf,0,1,0,0,Ontario_Algonquin_Kawartha,winter,winter,0,0,1,0.148148148,0,0,1,1,1,5,0.074483622,1.724995193,-78.74296452,45.24522285
BW1721_BW1722_rend_2017,BW1721_BW1722,MacKenzie Pond,GW,wolf,1,0,0,0,Ontario_Algonquin_Kawartha,rend,nw,0,1,0,0.089108911,0,0,1,0,1,5,0.026460248,1.739694644,-77.73988169,45.71481211
W1249_W1437_winter_2015_2016,W1249_W1437,Diamond,GW,wolf,1,0,0,0,Arizona_NewMexico,winter,winter,0,0,1,0.97674043,1,0,1,1,0,5,0.059779806,2.211593956,-109.6107619,34.12007304
W1240_W1278_winter_2015_2016,W1240_W1278,Iron Creek,GW,wolf,1,0,0,0,Arizona_NewMexico,winter,winter,0,0,1,0.977707853,1,0,1,1,0,5,0.039059599,2.224102344,-108.5894196,33.43685316
W1567_W1441_winter_2017_2018,W1567_W1441,Saffel,GW,wolf,1,0,0,0,Arizona_NewMexico,winter,winter,0,0,1,0.8,1,0,1,1,0,5,0.043248488,2.626293175,-109.4027766,34.00974951
W1440_W1442_winter_2015_2016,W1440_W1442,Marble,GW,wolf,1,0,0,0,Arizona_NewMexico,winter,winter,0,0,1,0.822905391,0,0,1,1,0,5,0.051436312,2.068183658,-109.4757733,34.06778036
W1251_W1565_winter_2016_2017,W1251_W1565,Prieto,GW,wolf,1,0,0,0,Arizona_NewMexico,winter,winter,0,0,1,0.9375,0,0,1,1,0,5,0.034791094,2.451980125,-108.6720404,33.5837681
W1565_W1669_winter_2017_2018,W1565_W1669,Prieto,GW,wolf,1,0,0,0,Arizona_NewMexico,winter,winter,0,0,1,0.675324675,0,0,1,1,0,5,0.036199697,2.502298653,-108.6370022,33.58422885
W1251_W1565_winter_2017_2018,W1251_W1565,Prieto,GW,wolf,1,0,0,0,Arizona_NewMexico,winter,winter,0,0,1,0.965909091,0,0,1,1,0,5,0.036307031,2.503473231,-108.6293337,33.58537471
W1565_W1678_winter_2017_2018,W1565_W1678,Prieto,GW,wolf,1,0,0,0,Arizona_NewMexico,winter,winter,0,0,1,0.785714286,0,0,1,1,0,5,0.036296015,2.504739258,-108.6290524,33.59521034
W1251_W1669_winter_2017_2018,W1251_W1669,Prieto,GW,wolf,1,0,0,0,Arizona_NewMexico,winter,winter,0,0,1,0.624898187,0,0,1,1,0,5,0.036708863,2.585547587,-108.632626,33.58565421
W1669_W1678_winter_2017_2018,W1669_W1678,Prieto,GW,wolf,1,0,0,0,Arizona_NewMexico,winter,winter,0,0,1,0.667491597,0,0,1,1,0,5,0.035766482,2.586233439,-108.6345545,33.58871429
W1251_W1678_winter_2017_2018,W1251_W1678,Prieto,GW,wolf,1,0,0,0,Arizona_NewMexico,winter,winter,0,0,1,0.709209836,0,0,1,1,0,5,0.035369211,2.586310011,-108.6313897,33.58903104
W1567_W1680_winter_2017_2018,W1567_W1680,Saffel,GW,wolf,1,0,0,0,Arizona_NewMexico,winter,winter,0,0,1,0.6,0,0,1,1,0,5,0.04339872,2.634315907,-109.4035394,34.01681416
W1399_W1578_winter_2017_2018,W1399_W1578,San Mateo,GW,wolf,1,0,0,0,Arizona_NewMexico,winter,winter,0,0,1,0.775510204,0,0,1,1,0,5,0.037215662,2.870140309,-108.4169939,34.06751133
W1240_W1278_den_2016,W1240_W1278,Iron Creek,GW,wolf,1,0,0,0,Arizona_NewMexico,den,nw,1,0,0,0.844048262,1,0,1,1,0,5,0.04118467,2.316642696,-108.6276363,33.44257155
W1240_W1278_rend_2016,W1240_W1278,Iron Creek,GW,wolf,1,0,0,0,Arizona_NewMexico,rend,nw,0,1,0,0.616666667,1,0,1,1,0,5,0.043548212,2.459950534,-108.6078129,33.43873651
W1489_W1563_rend_2017,W1489_W1563,Bluestem,GW,wolf,1,0,0,0,Arizona_NewMexico,rend,nw,0,1,0,0.520109332,0,0,1,1,0,5,0.042194571,2.125817482,-109.3355971,33.8267453
W1251_W1565_rend_2017,W1251_W1565,Prieto,GW,wolf,1,0,0,0,Arizona_NewMexico,rend,nw,0,1,0,0.722186495,0,0,1,1,0,5,0.037178258,2.327691081,-108.6383395,33.58911857
W1251_W1669_den_2018,W1251_W1669,Prieto,GW,wolf,1,0,0,0,Arizona_NewMexico,den,nw,1,0,0,0.360245337,0,0,1,1,0,5,0.037865684,2.755476607,-108.6680838,33.55662738
W1669_W1678_den_2018,W1669_W1678,Prieto,GW,wolf,1,0,0,0,Arizona_NewMexico,den,nw,1,0,0,0.303571429,0,0,1,1,0,5,0.037061186,2.779952092,-108.6395372,33.5727819
W1251_W1678_den_2018,W1251_W1678,Prieto,GW,wolf,1,0,0,0,Arizona_NewMexico,den,nw,1,0,0,0.34900929,0,0,1,1,0,5,0.03649348,2.779952092,-108.639135,33.59216463
ER_W_43_ER_W_47_winter_2018_2019,ER_W_43_ER_W_47,Happy,GW,wolf,1,0,0,0,Manitoba_E_Winnipeg,winter,winter,0,0,1,0.720512821,1,1,1,1,1,5,0.018350423,2.371892009,-95.73551555,50.48363607
hmw1_hmw2_winter_2009_2010,hmw1_hmw2,Hodzana_Mouth,GW,wolf,1,0,0,0,Alaska_YukonFlatsNWR,winter,winter,0,0,1,0.845522078,0,0,1,1,1,5,4.63E-05,2.219577166,-148.0199349,66.63008003
W702_W703_winter_2016_2017,W702_W703,Falaise Lake,GW,wolf,1,0,0,0,NWT_GreatSlaveLake,winter,winter,0,0,1,0.67544784,1,0,1,1,1,5,3.96E-05,2.267204592,-116.1965026,61.56208947
W702_W703_den_2017,W702_W703,Falaise Lake,GW,wolf,1,0,0,0,NWT_GreatSlaveLake,den,nw,1,0,0,0.275390625,1,0,1,1,1,5,0.000123913,2.360923536,-116.2467664,61.4268975
W32263a_W32260_winter_2011_2012,W32263a_W32260,Clearwater,GW,wolf,1,0,0,0,Alberta_NE,winter,winter,0,0,1,0.337703963,1,0,1,1,1,5,0.143654514,2.310285866,-111.1858649,56.74396215
W32263a_W32260_den_2012,W32263a_W32260,Clearwater,GW,wolf,1,0,0,0,Alberta_NE,den,nw,1,0,0,0.169230769,1,0,1,1,1,5,0.128444471,2.211086226,-111.1464682,56.72425415
BW1702_BW1705_winter_2017_2018,BW1702_BW1705,Comb,GW,wolf,1,0,0,0,Alaska_Denali,winter,winter,0,0,1,0.842105263,0,0,1,1,1,5,0.00134551,1.779553995,-149.5618701,64.00916
BW1202_BW1406_rend_2015,BW1202_BW1406,Riley Creek,GW,wolf,1,0,0,0,Alaska_Denali,rend,nw,0,1,0,0.598214286,1,0,1,1,1,5,0.00264605,1.919409339,-149.2162651,63.65693778
BW1202_BW1406_den_2015,BW1202_BW1406,Riley Creek,GW,wolf,1,0,0,0,Alaska_Denali,den,nw,1,0,0,0.323529412,1,0,1,1,1,5,0.008272454,2.209349725,-149.1329019,63.68512169
KH1_KH3_winter_2008_2009,KH1_KH3,Gold,EW,wolf,0,1,0,0,Ontario_Algonquin_Kawartha,winter,winter,0,0,1,0.708253269,1,1,1,1,1,5,0.073454962,1.638743627,-78.28600879,44.82075365
KH1_KH3_winter_2009_2010,KH1_KH3,Gold,EW,wolf,0,1,0,0,Ontario_Algonquin_Kawartha,winter,winter,0,0,1,0.549623929,1,1,1,1,1,5,0.076327853,1.867821081,-78.27616588,44.80193473
KH1_KH3_rend_2009,KH1_KH3,Gold,EW,wolf,0,1,0,0,Ontario_Algonquin_Kawartha,rend,nw,0,1,0,0.224846748,1,1,1,1,1,5,0.073191011,1.759764329,-78.28323904,44.814338
KH1_KH3_den_2009,KH1_KH3,Gold,EW,wolf,0,1,0,0,Ontario_Algonquin_Kawartha,den,nw,1,0,0,0.386463311,1,1,1,1,1,5,0.071253534,1.768662748,-78.27888515,44.81905461
BQE1411_BQE1521_rend_2015,BQE1411_BQE1521,Pauper,Admixed,wolf,0,0,0,1,Ontario_Algonquin_Kawartha,rend,nw,0,1,0,0.270833333,1,0,1,0,1,4,0.05586123,1.684232648,-78.9582589,44.99800795
BW1623_BW1708_rend_2017,BW1623_BW1708,White Partridge,,wolf,0,0,0,1,Ontario_Algonquin_Kawartha,rend,nw,0,1,0,0.323129252,1,0,1,1,1,4,0.007278458,1.726708735,-78.0631593,45.83920287
W994_W1000_winter_2018_2019,W994_W1000,Venison Creek,GW,wolf,1,0,0,0,Wisconsin_NW,winter,winter,0,0,1,0.750572636,1,1,1,0,1,4,0.042781172,2.271083061,-91.05147025,45.96450803
W914_W915_winter_2015_2016,W914_W915,Wildcat Mound,GW,wolf,1,0,0,0,Wisconsin_central,winter,winter,0,0,1,0.204985599,1,1,1,0,1,4,0.094255793,2.371349282,-90.62653324,44.29393316
W948_W951_winter_2017_2018,W948_W951,Muck Lake,GW,wolf,1,0,0,0,Wisconsin_NW,winter,winter,0,0,1,0.530612245,0,1,1,0,1,4,0.052944466,2.059826251,-91.64267393,46.40470157
W1001_W1003_rend_2018,W1001_W1003,Thornapple River,GW,wolf,1,0,0,0,Wisconsin_NW,rend,nw,0,1,0,0.251760305,1,1,1,0,1,4,0.052941184,2.210296079,-90.8372693,45.82385447
W994_W1000_rend_2018,W994_W1000,Venison Creek,GW,wolf,1,0,0,0,Wisconsin_NW,rend,nw,0,1,0,0.139733471,1,1,1,0,1,4,0.047218491,2.274077663,-91.0698777,45.96396548
W948_W951_rend_2017,W948_W951,Muck Lake,GW,wolf,1,0,0,0,Wisconsin_NW,rend,nw,0,1,0,0.263157895,0,1,1,0,1,4,0.050090203,2.002746173,-91.62995796,46.40848451
W915_W916_rend_2017,W915_W916,Wildcat Mound,GW,wolf,1,0,0,0,Wisconsin_central,rend,nw,0,1,0,0.159273627,0,1,1,0,1,4,0.077781361,2.091547908,-90.55190609,44.30009492
V028_V048_rend_2016,V028_V048,Moose River,GW,wolf,1,0,0,0,Minnesota_Voyageurs,rend,nw,0,1,0,0.06741573,0,0,1,0,1,4,0.018911427,2.109235386,-92.73520232,48.3906828
BW1610_BW1710_winter_2016_2017,BW1610_BW1710,Swan,EW,wolf,0,1,0,0,Ontario_Algonquin_Kawartha,winter,winter,0,0,1,0.921225383,0,0,1,1,1,4,0.044541972,1.911073045,-78.79344506,45.40129892
BW1613_BW1615_winter_2016_2017,BW1613_BW1615,Billings,EW,wolf,0,1,0,0,Ontario_Algonquin_Kawartha,winter,winter,0,0,1,0.657309298,0,0,1,0,1,4,0.072952595,2.070123396,-78.13376597,45.1999313
BW1610_BW1710_den_2017,BW1610_BW1710,Swan,EW,wolf,0,1,0,0,Ontario_Algonquin_Kawartha,den,nw,1,0,0,0.454545455,1,0,1,1,1,4,0.010558161,1.879717117,-78.74884753,45.44780004
W1667_W1682_winter_2017_2018,W1667_W1682,SBP,GW,wolf,1,0,0,0,Arizona_NewMexico,winter,winter,0,0,1,0.75862069,0,0,1,1,0,4,0.037877589,2.334011728,-108.4536866,33.51226596
csw1_csw2_winter_2009_2010,csw1_csw2,Crazy_Slough,GW,wolf,1,0,0,0,Alaska_YukonFlatsNWR,winter,winter,0,0,1,0.820750041,0,0,1,1,1,4,4.48E-05,2.56749523,-146.5083166,66.71299112
W18-Max_W19-Rina_winter_2008_2009,W18-Max_W19-Rina,Risnjak,GW,wolf,1,0,0,0,Croatia_Slovenia,winter,winter,0,0,1,0.931216931,1,0,1,1,0,4,0.294265761,1.592763917,14.69495336,45.3884936
W18-Max_W19-Rina_rend_2008,W18-Max_W19-Rina,Risnjak,GW,wolf,1,0,0,0,Croatia_Slovenia,rend,nw,0,1,0,0.715181058,1,0,1,1,0,4,0.29567634,1.588015857,14.72816832,45.39849895
W706_W707_winter_2016_2017,W706_W707,Boulogne Lake,GW,wolf,1,0,0,0,NWT_GreatSlaveLake,winter,winter,0,0,1,0.666272189,1,0,1,1,1,4,0.000440138,2.26087537,-116.5715967,61.40205075
W706_W707_den_2017,W706_W707,Boulogne Lake,GW,wolf,1,0,0,0,NWT_GreatSlaveLake,den,nw,1,0,0,0.125693161,1,0,1,1,1,4,0.001723493,2.504072503,-116.534432,61.26753234
W404_W405_winter_2011_2012,W404_W405,Tundra2,GW,wolf,1,0,0,0,NWT_NE,winter,winter,0,0,1,0.726520776,1,0,0,0,1,4,5.98E-06,1.915362798,-114.4639274,63.66061466
W407_W408_winter_2011_2012,W407_W408,Tundra3,GW,wolf,1,0,0,0,NWT_NE,winter,winter,0,0,1,0.728253609,1,0,0,0,1,4,8.88E-07,1.998698567,-112.433141,64.23160654
W402_W403_winter_2011_2012,W402_W403,Tundra1,GW,wolf,1,0,0,0,NWT_NE,winter,winter,0,0,1,0.68932241,1,0,0,0,1,4,4.68E-06,2.059080903,-112.0657386,64.59754006
W32265_W32268_winter_2011_2012,W32265_W32268,Horizon,GW,wolf,1,0,0,0,Alberta_NE,winter,winter,0,0,1,0.570738137,1,0,1,1,1,4,0.295174193,2.122685161,-111.7337097,57.33185454
W32269_W32259_winter_2011_2012,W32269_W32259,McKay,GW,wolf,1,0,0,0,Alberta_NE,winter,winter,0,0,1,0.633587786,1,0,1,1,1,4,0.064603282,2.325762409,-112.1095507,56.88217084
W32269_W32259_den_2012,W32269_W32259,McKay,GW,wolf,1,0,0,0,Alberta_NE,den,nw,1,0,0,0.177253327,1,0,1,1,1,4,0.047174291,2.186114244,-112.0955919,56.9224589
BW1404_BW1501_rend_2015,BW1404_BW1501,Grant Creek,GW,wolf,1,0,0,0,Alaska_Denali,rend,nw,0,1,0,0.880252101,1,0,1,1,1,4,0.000382783,1.793152562,-149.4555844,63.38631341
W27_W87_winter_2009_2010,W27_W87,Esnagami,GW,wolf,1,0,0,0,Ontario_N,winter,winter,0,0,1,0.54543234,1,0,1,1,1,4,0.011799253,1.811840033,-86.9844403,50.26286506
W210_W259_winter_2009_2010,W210_W259,Sunday,EW,wolf,0,1,0,0,Ontario_Algonquin_Kawartha,winter,winter,0,0,1,0.569318801,1,0,1,1,1,4,0.007953736,1.892458706,-78.46217363,45.66620638
WO103_WO104_rend_2013,WO103_WO104,Republic Pack,GW,wolf,1,0,0,0,Michigan_N_UP,rend,nw,0,1,0,0.107739779,1,0,1,0,1,4,0.01589146,1.87294719,-88.19478642,46.34777689
W448f_W449m_winter_2017_2018,W448f_W449m,Eureka,GW,wolf,1,0,0,0,Ellesmere,winter,winter,0,0,1,0.760635281,1,0,1,1,0,4,0.000165173,2.773571697,-85.33735343,79.77764516
W448f_W449m_rend_2017,W448f_W449m,Eureka,GW,wolf,1,0,0,0,Ellesmere,rend,nw,0,1,0,0.770546672,1,0,1,1,0,4,0.000405891,2.695817763,-85.3127905,79.83186894
W998_W1002_winter_2018_2019,W998_W1002,Tupper Creek,GW,wolf,1,0,0,0,Wisconsin_NW,winter,winter,0,0,1,0.533352605,1,1,1,0,1,3,0.058108989,2.299076956,-90.99557515,45.75298737
W900_W911_winter_2016_2017,W900_W911,Torch River West,GW,wolf,1,0,0,0,Wisconsin_NW,winter,winter,0,0,1,0.41906462,0,1,1,0,1,3,0.041074572,1.932260259,-90.9043422,46.08441259
W955_W999_winter_2018_2019,W955_W999,Little Moose River,GW,wolf,1,0,0,0,Wisconsin_NW,winter,winter,0,0,1,0.660277609,0,1,1,0,1,3,0.070781605,2.273813542,-91.00590479,46.12074662
W986_W988_winter_2017_2018,W986_W988,St. Louis River,GW,wolf,1,0,0,0,Wisconsin_NW,winter,winter,0,0,1,0.435897436,0,1,1,0,1,3,0.37246901,2.291638844,-92.13667059,46.66547543
W998_W1002_rend_2018,W998_W1002,Tupper Creek,GW,wolf,1,0,0,0,Wisconsin_NW,rend,nw,0,1,0,0.380874272,1,1,1,0,1,3,0.072724421,2.243064714,-90.99994429,45.76022886
W900_W911_rend_2016,W900_W911,Torch River West,GW,wolf,1,0,0,0,Wisconsin_NW,rend,nw,0,1,0,0.805042088,0,1,1,0,1,3,0.034106909,1.890879499,-90.91139084,46.0856049
W955_W992_rend_2018,W955_W992,Little Moose River,GW,wolf,1,0,0,0,Wisconsin_NW,rend,nw,0,1,0,0.109090909,0,1,1,0,1,3,0.065235624,2.257307997,-91.04285166,46.05081223
W26_W28_winter_2009_2010,W26_W28,Wichcika,GW,wolf,1,0,0,0,British_Columbia_NE_PrinceGeorge,winter,winter,0,0,1,0.727959698,0,0,1,1,1,3,0.011751199,1.784935612,-122.2327233,54.43616463
BPW1701_BPW1703_winter_2017_2018,BPW1701_BPW1703,Oxtongue,EW,wolf,0,1,0,0,Ontario_Algonquin_Kawartha,winter,winter,0,0,1,0.457508034,1,0,1,1,1,3,0.067871403,1.70796954,-78.88605475,45.4195876
BW1609_BPW1707_winter_2016_2017,BW1609_BW1707,Cauliflower,GW,wolf,1,0,0,0,Ontario_Algonquin_Kawartha,winter,winter,0,0,1,0.458244111,1,0,1,0,1,3,0.058803548,1.999927026,-78.15142017,45.29393974
BW1608_BPW1705_winter_2016_2017,BW1608_BPW1705,Big Trout,EW,wolf,0,1,0,0,Ontario_Algonquin_Kawartha,winter,winter,0,0,1,0.885835095,0,0,1,1,1,3,0.00583843,1.834226377,-78.54903157,45.81255891
BPW1701_BPW1703_rend_2017,BPW1701_BPW1703,Oxtongue,EW,wolf,0,1,0,0,Ontario_Algonquin_Kawartha,rend,nw,0,1,0,0.27638191,1,0,1,1,1,3,0.017075358,1.629398761,-78.83632828,45.47916635
BPW1701_BPW1703_den_2018,BPW1701_BPW1703,Oxtongue,EW,wolf,0,1,0,0,Ontario_Algonquin_Kawartha,den,nw,1,0,0,0.486618005,1,0,1,1,1,3,0.015259259,1.670531567,-78.89023434,45.49886875
BPW1701_BPW1703_rend_2018,BPW1701_BPW1703,Oxtongue,EW,wolf,0,1,0,0,Ontario_Algonquin_Kawartha,rend,nw,0,1,0,0.571500567,1,0,1,1,1,3,0.015760402,1.730080507,-78.92542951,45.51806906
BW1608_BPW1705_den_2017,BW1608_BPW1705,Big Trout,EW,wolf,0,1,0,0,Ontario_Algonquin_Kawartha,den,nw,1,0,0,0.708791209,1,0,1,1,1,3,0.00606339,1.754823977,-78.54690903,45.82393574
W1296_W1439_winter_2017_2018,W1296_W1439,Mangas,GW,wolf,1,0,0,0,Arizona_NewMexico,winter,winter,0,0,1,0.865,1,0,1,1,0,3,0.034850635,2.520734949,-108.850605,33.96893339
W1346_W1561_winter_2017_2018,W1346_W1561,Leopold,GW,wolf,1,0,0,0,Arizona_NewMexico,winter,winter,0,0,1,0.820372011,0,0,1,1,0,3,0.00654856,2.416609865,-108.5594707,33.35103126
W1346_W1561_winter_2016_2017,W1346_W1561,Leopold,GW,wolf,1,0,0,0,Arizona_NewMexico,winter,winter,0,0,1,0.931818182,0,0,1,1,0,3,0.003051102,2.417176137,-108.5135219,33.36180903
W1296_W1664_winter_2017_2018,W1296_W1664,Mangas,GW,wolf,1,0,0,0,Arizona_NewMexico,winter,winter,0,0,1,0.216666667,0,0,1,1,0,3,0.033311661,2.548084129,-108.8623745,33.99185578
W1296_W1439_rend_2017,W1296_W1439,Mangas,GW,wolf,1,0,0,0,Arizona_NewMexico,rend,nw,0,1,0,0.724074665,1,0,1,1,0,3,0.03167561,2.227041993,-108.8531242,34.02023477
W1346_W1561_rend_2017,W1346_W1561,Leopold,GW,wolf,1,0,0,0,Arizona_NewMexico,rend,nw,0,1,0,0.760869565,0,0,1,1,0,3,0.004951588,2.413979596,-108.5812782,33.36582886
W1346_W1561_den_2017,W1346_W1561,Leopold,GW,wolf,1,0,0,0,Arizona_NewMexico,den,nw,1,0,0,0.772727273,0,0,1,1,0,3,0.003928997,2.609961161,-108.6213355,33.36003888
W1296_W1664_den_2018,W1296_W1664,Mangas,GW,wolf,1,0,0,0,Arizona_NewMexico,den,nw,1,0,0,0.351351351,0,0,1,1,0,3,0.028647612,2.958260653,-108.8451493,34.04544739
Mich02_Mich03_winter_2014_2015,Mich02_Mich03,Mich,GW,wolf,1,0,0,0,Ontario_Michipicoten,winter,winter,0,0,1,0.8125,1,0,0,0,1,3,0.002624561,2.001739331,-85.79547498,47.74739645
Mich01_Mich03_winter_2014_2015,Mich01_Mich03,Mich,GW,wolf,1,0,0,0,Ontario_Michipicoten,winter,winter,0,0,1,0.828571429,1,0,0,0,1,3,0.001871819,2.006310103,-85.79285626,47.74616664
Mich01_Mich02_winter_2014_2015,Mich01_Mich02,Mich,GW,wolf,1,0,0,0,Ontario_Michipicoten,winter,winter,0,0,1,0.79964539,1,0,0,0,1,3,0.006659383,2.024209271,-85.80056073,47.74190261
Mich01_Mich02_den_2015,Mich01_Mich02,Mich,GW,wolf,1,0,0,0,Ontario_Michipicoten,den,nw,1,0,0,0.496644295,1,0,0,0,1,3,0.002372151,1.973874814,-85.80777156,47.74707121
w140026_w140027_winter_2013_2014,w140026_w140027,Orphan,GW,wolf,1,0,0,0,Sasketchewan_N,winter,winter,0,0,1,0.883918975,1,0,1,0,1,3,0.00064917,2.104940569,-106.5683024,56.50026302
w140026_w140027_den_2014,w140026_w140027,Orphan,GW,wolf,1,0,0,0,Sasketchewan_N,den,nw,1,0,0,0.862831858,1,0,1,0,1,3,0.000544438,2.032746357,-106.6320617,56.57235585
w140026_w140027_rend_2014,w140026_w140027,Orphan,GW,wolf,1,0,0,0,Sasketchewan_N,rend,nw,0,1,0,0.906876482,1,0,1,0,1,3,0.001518456,2.104274951,-106.6464873,56.55377095
rw11326M_rw11373M_winter_2007_2008,rw11326M_rw11373M,Bluestone,RW,wolf,0,0,1,0,NorthCarolina_AlligatorNWR,winter,winter,0,0,1,0.532921593,1,1,1,0,1,3,0.458912505,2.585156998,-76.54878601,35.80685527
rw11458M_rw11630F_winter_2010_2011,rw11458M_rw11630F,Columbia,RW,wolf,0,0,1,0,NorthCarolina_AlligatorNWR,winter,winter,0,0,1,0.169606801,1,1,1,0,1,3,0.412753776,2.745203369,-76.24111437,35.93066154
rw11458M_rw11630F_winter_2009_2010,rw11458M_rw11630F,Columbia,RW,wolf,0,0,1,0,NorthCarolina_AlligatorNWR,winter,winter,0,0,1,0.604,1,1,1,0,1,3,0.407771364,2.782823542,-76.24930626,35.95049225
rw11326M_rw11373M_rend_2007,rw11326M_rw11373M,Bluestone,RW,wolf,0,0,1,0,NorthCarolina_AlligatorNWR,rend,nw,0,1,0,0.426327434,1,1,1,0,1,3,0.487372721,2.726795106,-76.54819205,35.81250631
rw11458M_rw11630F_rend_2010,rw11458M_rw11630F,Columbia,RW,wolf,0,0,1,0,NorthCarolina_AlligatorNWR,rend,nw,0,1,0,0.219336743,1,1,1,0,1,3,0.420691356,2.782482029,-76.24325444,35.94999251
rw11458M_rw11630F_den_2010,rw11458M_rw11630F,Columbia,RW,wolf,0,0,1,0,NorthCarolina_AlligatorNWR,den,nw,1,0,0,0.267368095,1,1,1,0,1,3,0.422533506,2.878016302,-76.24549085,35.95503244
BW1302_BW1605_winter_2015_2016,BW1302_BW1605,John Hansen,GW,wolf,1,0,0,0,Alaska_Denali,winter,winter,0,0,1,0.8125,1,0,1,1,1,3,0.000101619,2.179103385,-152.1467522,63.74064275
BW1302_BW1605_rend_2016,BW1302_BW1605,John Hansen,GW,wolf,1,0,0,0,Alaska_Denali,rend,nw,0,1,0,0.379310345,1,0,1,1,1,3,0.000242315,1.984020568,-152.1984016,63.72136248
F23_M26_winter_2009_2010,F23_M26,Canneto,GW,wolf,1,0,0,0,Italy,winter,winter,0,0,1,0.698626438,1,0,1,0,0,2.5,0.225177336,1.781074653,13.90714334,41.74574201
F23_M26_den_2010,F23_M26,Canneto,GW,wolf,1,0,0,0,Italy,den,nw,1,0,0,0.69858156,1,0,1,0,0,2.5,0.182004219,1.859863115,13.8892553,41.75314483
W962_W977_winter_2017_2018,W962_W977,Spread Eagle Barrens,GW,wolf,1,0,0,0,Wisconsin_NE,winter,winter,0,0,1,0.576086957,1,1,1,0,1,2,0.229649436,2.130445105,-88.17046598,45.83475083
W962_W977_winter_2018_2019,W962_W977,Spread Eagle Barrens,GW,wolf,1,0,0,0,Wisconsin_NE,winter,winter,0,0,1,0.325581395,1,1,1,0,1,2,0.202205585,2.440970382,-88.17827053,45.84473334
W962_W977_den_2018,W962_W977,Spread Eagle Barrens,GW,wolf,1,0,0,0,Wisconsin_NE,den,nw,1,0,0,0.515151515,1,1,1,0,1,2,0.213649612,2.201348921,-88.17383393,45.82934703
W962_W977_rend_2018,W962_W977,Spread Eagle Barrens,GW,wolf,1,0,0,0,Wisconsin_NE,rend,nw,0,1,0,0.394736842,1,1,1,0,1,2,0.22230864,2.507537505,-88.16579455,45.84348716
w201401_w201501_winter_2015_2016,w201401_w201501,Sandy Beach,GW,wolf,1,0,0,0,Alaska_PrinceOfWalesIsland,winter,winter,0,0,1,0.98467433,1,1,1,0,1,2,0.017807847,1.403214808,-132.5142572,55.74718309
w201401_w201501_rend_2015,w201401_w201501,Sandy Beach,GW,wolf,1,0,0,0,Alaska_PrinceOfWalesIsland,rend,nw,0,1,0,0.92540068,1,1,1,0,1,2,0.015195605,1.319262441,-132.5541412,55.79229774
w201401_w201501_den_2015,w201401_w201501,Sandy Beach,GW,wolf,1,0,0,0,Alaska_PrinceOfWalesIsland,den,nw,1,0,0,0.883475298,1,1,1,0,1,2,0.023494449,1.381330902,-132.5332057,55.75095731
BW1726_BW1728_winter_2017_2018,BW1726_BW1728,Hay Creek,EW,wolf,0,1,0,0,Ontario_Algonquin_Kawartha,winter,winter,0,0,1,0.584071088,1,0,1,1,1,2,0.030436941,1.694791224,-78.30114638,45.42699025
BW1726_BW1728_rend_2017,BW1726_BW1728,Hay Creek,EW,wolf,0,1,0,0,Ontario_Algonquin_Kawartha,rend,nw,0,1,0,0.095233896,1,0,1,1,1,2,0.031267315,1.646983157,-78.30080465,45.43361854
w140010_w140037_winter_2015_2016,w140010_w140037,Wathaman,GW,wolf,1,0,0,0,Sasketchewan_N,winter,winter,0,0,1,0.827160494,1,0,1,0,1,2,0.00086501,2.072837799,-103.7777262,57.18131971
w140030_w140032_winter_2014_2015,w140030_w140032,Key West2,GW,wolf,1,0,0,0,Sasketchewan_N,winter,winter,0,0,1,0.737522343,1,0,1,0,1,2,0.036892109,2.079234816,-105.9752745,57.14566077
w140014_w140029_winter_2014_2015,w140014_w140029,Southend,GW,wolf,1,0,0,0,Sasketchewan_N,winter,winter,0,0,1,0.836956522,1,0,1,0,1,2,0.001264009,2.153333197,-103.4472892,56.50455793
w140018_w140008_winter_2013_2014,w140018_w140008,Davin,GW,wolf,1,0,0,0,Sasketchewan_N,winter,winter,0,0,1,0.82642487,1,0,1,0,1,2,0.001672922,2.341706928,-104.0511667,57.49460553
w140008_w140031_winter_2014_2015,w140008_w140031,Davin,GW,wolf,1,0,0,0,Sasketchewan_N,winter,winter,0,0,1,0.456140351,1,0,1,0,1,2,0,3.000199547,-104.1684641,56.94747372
w140010_w140037_winter_2014_2015,w140010_w140037,Wathaman,GW,wolf,1,0,0,0,Sasketchewan_N,winter,winter,0,0,1,0.794117647,1,0,1,0,1,2,0.001139669,3.202872601,-103.8309213,57.14834905
w140010_w140037_rend_2015,w140010_w140037,Wathaman,GW,wolf,1,0,0,0,Sasketchewan_N,rend,nw,0,1,0,0.403874107,1,0,1,0,1,2,0.001446685,2.106865185,-103.8297076,57.18678994
w140008_w140031_den_2015,w140008_w140031,Davin,GW,wolf,1,0,0,0,Sasketchewan_N,den,nw,1,0,0,0.213808463,1,0,1,0,1,2,0,3.180083701,-104.2111718,56.92939275
w140010_w140037_den_2015,w140010_w140037,Wathaman,GW,wolf,1,0,0,0,Sasketchewan_N,den,nw,1,0,0,0.391184573,1,0,1,0,1,2,0.001832296,3.434435349,-103.8060771,57.14264563
W602_W603_winter_2015_2016,W602_W603,Pine Point,GW,wolf,1,0,0,0,NWT_GreatSlaveLake,winter,winter,0,0,1,0.504823151,1,1,1,1,1,2,0.00777844,2.790344486,-114.2685732,60.87407428
B081_B082_winter_2011_2012,B081_B082,Boreal1,GW,wolf,1,0,0,0,NWT_central,winter,winter,0,0,1,0.901457321,1,0,0,0,1,2,9.39E-08,1.973570629,-119.139527,63.65649682
W417_W418_winter_2011_2012,W417_W418,Tundra5,GW,wolf,1,0,0,0,NWT_NE,winter,winter,0,0,1,0.865738439,1,0,0,0,1,2,0.001197324,2.01436696,-113.594253,64.30057056
